V1,V2,V3,V4,V5,V6,V7,V8,V9,V10,V11,V12,V13,V14,V15,V16,V17,V18,V19,V20,V21,V22,V23,V24,V25,V26,V27,V28,V29,V30,V31,V32,V33,V34,V35,V36,V37,V38,V39,V40,V41,V42
0.444121915820029,0,0,0,0,0,0,0,0,0,0,0,0,0,0,0,0,0,0,0,0,0,0,0,0,0,0,0,0,0,0,0,0,0,0,0,0,0,0,0,0,0
0,0.339584376063334,0,0,0.00110981402348186,0,0,0,0,0,0,0,0,0,0,0,0,0,0,0,0,0,0,0,0,0,0,0,0,-0.00516047867887525,0,0,0,0,0,0,0,0,0,0,0,0
0,0,0.117625187500082,0,0.00172255139421156,0,0,0,0,0,0,0,0,0,0,0,0,0,0,0,0,0.000581904488063387,0,0,0,0,0,0,0,0,0,0,0,0,0,0,0,0,0,0,0,-0.0054171371169631
0,0,0,0.0397155172558947,0.00188558226237808,0,0,0,0,0,0,0,0,0,0,0,0,0,0,0,0,0,0,0.0057685100712073,0,0,0,0,0,0.00145771949559424,0,0,0,0,0,0,0,0,0,0.00474025497818079,0.00135737221122624,-0.00888058000841689
0,0.00110980920480362,0.0017225322687288,0.00188557898237182,0.00584203026582831,0,0,0.00114261891762022,0,0,0.000930738596726567,0.00221096294557386,0,-0.000111396411949361,0,0,0.0013796583734966,0.00182132774114176,0,0,0,0.00340608364136567,0,0.00363551987645945,0,0.00493933585476142,0.000163450153312038,0,0.0011825439925206,0.00359844643004043,0,0,0,0,0.00513495871475695,0.00371296240588441,0,0,0.00198665374054893,0.00289394330865044,0.00172526240543989,0.00718690600272664
0,0,0,0,0,0.305413748147463,0,0,0,0,0,0,0,0,0,0,0,0,0,0,0,0,0,0,0,0,0,0,0,0.00154831752070504,0,0,0,0,0,0,0,0,0,0,0,0
0,0,0,0,0,0,0.494582524168576,0,0,0,0,0,0,0,0,0,0,0,0,0,0,0,0,0,0,0,0,0,0,0,0,0,0,0,0,0,0,0,0,0,0,0
0,0,0,0,0.00114261401237522,0,0,0.150871736025599,0,0,0,0,0,0,0,0,0,0,0,0,0,0,0,-0.00111208870796443,0,0,0,0,0,0.000153326812232847,0,0,0,0,0,0,0,0,0,0,0,0
0,0,0,0,0,0,0,0,0.472044450235552,0,0,0,0,0,0,0,0,0,0,0,0,0,0,0,0,0,0,0,0,0,0,0,0,0,0,0,0,0,0,0,0,0
0,0,0,0,0,0,0,0,0,0.456663497699955,0,0,0,0,0,0,0,0,0,0,0,0,0,0,0,0,0,0,0,0,0,0,0,0,0,0,0,0,0,0,0,0
0,0,0,0,0.000930744212459935,0,0,0,0,0,0.181565088877123,0,0,0,0,0,0,0,0,0,0,0,0,0,0,0,0,0,0,0.00178300136434527,0,0,0,0,0,0,0,0,0,0,0,0
0,0,0,0,0.00221096487230508,0,0,0,0,0,0,0.139814142953844,0,0,0,0,0,0,0,0,0,0,0,0,0,0,0,0,0,0.00128181118853371,0,0,0,0,0,0,0,0,0,0,0,0
0,0,0,0,0,0,0,0,0,0,0,0,0.487380043860537,0,0,0,0,0,0,0,0,0,0,0,0,0,0,0,0,0,0,0,0,0,0,0,0,0,0,0,0,0
0,0,0,0,-0.00011139631573432,0,0,0,0,0,0,0,0,0.428937739062265,0,0,0,0,0,0,0,0,0,0,0,0,0,0,0,0,0,0,0,0,0,0,0,0,0,0,0,0
0,0,0,0,0,0,0,0,0,0,0,0,0,0,0.488475170459726,0,0,0,0,0,0,0,0,0,0,0,0,0,0,0,0,0,0,0,0,0,0,0,0,0,0,0
0,0,0,0,0,0,0,0,0,0,0,0,0,0,0,0.413555674016815,0,0,0,0,0,0,0,0,0,0,0,0,0,0,0,0,0,0,0,0,0,0,0,0,0,0
0,0,0,0,0.00137965717926204,0,0,0,0,0,0,0,0,0,0,0,0.40270802012609,0,0,0,0,0,0,0,0,0,0,0,0,0,0,0,0,0,0,0,0,0,0,0,0,0
0,0,0,0,0.00182132880135794,0,0,0,0,0,0,0,0,0,0,0,0,0.287690532924101,0,0,0,0,0,0,0,0,0,0,0,0.000878442906612862,0,0,0,0,0,0,0,0,0,0,0,0
0,0,0,0,0,0,0,0,0,0,0,0,0,0,0,0,0,0,0.462281961819815,0,0,0,0,0,0,0,0,0,0,0,0,0,0,0,0,0,0,0,0,0,0,0
0,0,0,0,0,0,0,0,0,0,0,0,0,0,0,0,0,0,0,0.496242639604644,0,0,0,0,0,0,0,0,0,0,0,0,0,0,0,0,0,0,0,0,0,0
0,0,0,0,0,0,0,0,0,0,0,0,0,0,0,0,0,0,0,0,0.472291883433198,0,0,0,0,0,0,0,0,0,0,0,0,0,0,0,0,0,0,0,0,0
0,0,0.000581905725398569,0,0.00340608851765826,0,0,0,0,0,0,0,0,0,0,0,0,0,0,0,0,0.0318595873071032,0,-0.0050782216741143,0,0,0.00396740677266101,0,0,0.00279844502415916,-0.000376144660207729,0,0,0,0,0.00382195983426123,0,0,0,-0.00145748809079438,0,0.00542733119150939
0,0,0,0,0,0,0,0,0,0,0,0,0,0,0,0,0,0,0,0,0,0,0.47548167456576,0,0,0,0,0,0,0,0,0,0,0,0,0,0,0,0,0,0,0
0,0,0,0.00576850709800393,0.0036355409952676,0,0,-0.00111208750783295,0,0,0,0,0,0,0,0,0,0,0,0,0,-0.00507821433749129,0,0.0800488647688648,0,0,0.000499208081753284,0,0,0.00177098229726106,0,0,0,0,0,0.00324004632248949,0,0,0,-0.0139202410716626,0,0.000574384242368426
0,0,0,0,0,0,0,0,0,0,0,0,0,0,0,0,0,0,0,0,0,0,0,0,0.441179498321254,0,0,0,0,0,0,0,0,0,0,0,0,0,0,0,0,0
0,0,0,0,0.00493927649062258,0,0,0,0,0,0,0,0,0,0,0,0,0,0,0,0,0,0,0,0,0.144138743943819,0,0,0,0.00160171495317072,0,0,0,0,0,-0.00154005308956847,0,0,0,0,0,-0.0145059410981755
0,0,0,0,0.000163506334278184,0,0,0,0,0,0,0,0,0,0,0,0,0,0,0,0,0.00396743001088198,0,0.000499220719742259,0,0,0.0873189634064746,0,0,0.00228616150790859,0,0,0,0,-0.00290470145652882,0,0,0,0,0,0,0
0,0,0,0,0,0,0,0,0,0,0,0,0,0,0,0,0,0,0,0,0,0,0,0,0,0,0,0.0984955638425756,0,0,0,0,0,0,0.00239649853934899,0,0,0,0,0,0,0
0,0,0,0,0.00118254120977306,0,0,0,0,0,0,0,0,0,0,0,0,0,0,0,0,0,0,0,0,0,0,0,0.233079387320363,-0.00346344050731598,0,0,0,0,0,0,0,0,0,0,0,0
0,-0.00516048544215992,0,0.00145771544587756,0.00359845196612014,0.00154831750096967,0,0.000153332330813121,0,0,0.00178299788779395,0.00128181213169373,0,0,0,0,0,0.00087844412205572,0,0,0,0.00279844148521917,0,0.00177096122654724,0,0.00160178216397069,0.00228610762074807,0,-0.00346343667662609,0.00714491071887488,0.00123016570589782,0,0,0,0.00437187991076097,0.0029679772141686,0,0,0.00141044244701346,0.00490743445100294,0.00104703321692432,0.0073480294976784
0,0,0,0,0,0,0,0,0,0,0,0,0,0,0,0,0,0,0,0,0,-0.000376144738544552,0,0,0,0,0,0,0,0.00123016591014097,0.16550183236992,0,0,0,0,0,0,0,0,0,0,0
0,0,0,0,0,0,0,0,0,0,0,0,0,0,0,0,0,0,0,0,0,0,0,0,0,0,0,0,0,0,0,0.359508501414903,0,0,0,0,0,0,0,0,0,0
0,0,0,0,0,0,0,0,0,0,0,0,0,0,0,0,0,0,0,0,0,0,0,0,0,0,0,0,0,0,0,0,0.47800637301994,0,0,0,0,0,0,0,0,0
0,0,0,0,0,0,0,0,0,0,0,0,0,0,0,0,0,0,0,0,0,0,0,0,0,0,0,0,0,0,0,0,0,0.486486145544992,0,0,0,0,0,0,0,0
0,0,0,0,0.00513493716421329,0,0,0,0,0,0,0,0,0,0,0,0,0,0,0,0,0,0,0,0,0,-0.00290473205417471,0.00239649719250852,0,0.00437184794696732,0,0,0,0,0.0492873049758613,-0.00521452570265304,0,0,0,0,0,-0.000519955933145475
0,0,0,0,0.00371296208154195,0,0,0,0,0,0,0,0,0,0,0,0,0,0,0,0,0.00382195669907287,0,0.00324005974776893,0,-0.00154006876167357,0,0,0,0.00296797451231366,0,0,0,0,-0.00521454494179369,0.0340202977216188,0,0,0,0,0.0015994621880486,-0.00135100508383276
0,0,0,0,0,0,0,0,0,0,0,0,0,0,0,0,0,0,0,0,0,0,0,0,0,0,0,0,0,0,0,0,0,0,0,0,0.488505789843989,0,0,0,0,0
0,0,0,0,0,0,0,0,0,0,0,0,0,0,0,0,0,0,0,0,0,0,0,0,0,0,0,0,0,0,0,0,0,0,0,0,0,0.37868500342746,0,0,0,0
0,0,0,0,0.00198665639373926,0,0,0,0,0,0,0,0,0,0,0,0,0,0,0,0,0,0,0,0,0,0,0,0,0.00141044344631833,0,0,0,0,0,0,0,0,0.21044558991535,0,0,0
0,0,0,0.00474027263898408,0.00289395753710696,0,0,0,0,0,0,0,0,0,0,0,0,0,0,0,0,-0.00145748168038812,0,-0.0139202171763083,0,0,0,0,0,0.00490744517159273,0,0,0,0,0,0,0,0,0,0.0746870828644065,0,0
0,0,0,0.00135738139997759,0.00172523452915344,0,0,0,0,0,0,0,0,0,0,0,0,0,0,0,0,0,0,0,0,0,0,0,0,0.00104700662543892,0,0,0,0,0,0.00159945291953371,0,0,0,0,0.0470588508205086,0
0,0,-0.00541713038075791,-0.00888056218815295,0.00718686139589684,0,0,0,0,0,0,0,0,0,0,0,0,0,0,0,0,0.00542730257825164,0,0.000574373311908968,0,-0.0145059272995291,0,0,0,0.0073479895172219,0,0,0,0,-0.000519984255504146,-0.00135104083122424,0,0,0,0,0,0.0755803688682783
