,23,24,25,26,27,28,63,64,65,66,67,68,69,70,71,72,73,74,75,76,77,78,79,80,81,82,83,84,85,86,87,101,102,103,104,105,106,107,108,109,110,111,112,122,123,124,125,126,127,128,129,130,131,132,133,134,135,136,137,138,139,140,141,142,143,144,145,146,147,148,149,150,151,152,160,161,162,163,165,166,167,168,169,170,171,172,173,174,175,176,177,183,184,185,186,187,188,190,191,192,193,194,205,206,207,208,209,210,211,213,214,215,216,217,218,219,220,227,228,229,234,235,236,237,238,239,240,241,242,243,244,245,246,247,248,249,250,251,252,253,254,275,276,277,278,279,280,281,282,283,284,285,286,287,288,289,290,291,292,293,294,295,312,313,314,315,316,317,318,319,320,321,322,326,327,328,329,330
Gender,1.0,1.0,1.0,1.0,1.0,1.0,0.0,0.0,0.0,0.0,0.0,0.0,0.0,0.0,0.0,0.0,0.0,0.0,0.0,0.0,0.0,1.0,1.0,1.0,1.0,1.0,1.0,1.0,1.0,1.0,1.0,0.0,0.0,0.0,0.0,0.0,0.0,0.0,1.0,1.0,1.0,1.0,1.0,1.0,1.0,1.0,1.0,1.0,1.0,1.0,1.0,1.0,1.0,1.0,1.0,1.0,1.0,1.0,1.0,1.0,1.0,1.0,0.0,0.0,0.0,0.0,0.0,0.0,0.0,0.0,0.0,0.0,0.0,0.0,1.0,1.0,1.0,1.0,1.0,1.0,1.0,1.0,1.0,1.0,1.0,1.0,1.0,0.0,0.0,0.0,0.0,0.0,0.0,0.0,0.0,0.0,0.0,0.0,0.0,0.0,1.0,0.0,0.0,0.0,0.0,0.0,0.0,0.0,0.0,1.0,1.0,0.0,0.0,0.0,1.0,1.0,1.0,0.0,0.0,0.0,0.0,0.0,0.0,0.0,0.0,0.0,0.0,0.0,0.0,0.0,0.0,0.0,0.0,0.0,0.0,0.0,0.0,0.0,0.0,0.0,0.0,0.0,0.0,0.0,0.0,0.0,0.0,0.0,0.0,0.0,0.0,1.0,1.0,1.0,1.0,1.0,1.0,1.0,1.0,1.0,1.0,1.0,1.0,1.0,1.0,1.0,1.0,1.0,1.0,1.0,1.0,1.0,1.0,1.0,1.0,1.0,1.0,1.0
Ethnicity,1.0,1.0,1.0,1.0,1.0,1.0,0.0,0.0,0.0,0.0,0.0,0.0,1.0,1.0,1.0,1.0,1.0,1.0,1.0,1.0,1.0,3.0,3.0,3.0,3.0,3.0,3.0,3.0,3.0,3.0,3.0,0.0,0.0,0.0,0.0,0.0,0.0,0.0,0.0,0.0,0.0,0.0,0.0,0.0,0.0,0.0,0.0,0.0,0.0,0.0,0.0,2.0,2.0,2.0,2.0,0.0,1.0,1.0,1.0,1.0,1.0,1.0,1.0,1.0,1.0,1.0,1.0,1.0,1.0,0.0,0.0,0.0,0.0,0.0,0.0,0.0,0.0,0.0,1.0,1.0,0.0,0.0,0.0,0.0,0.0,0.0,0.0,0.0,0.0,0.0,0.0,0.0,0.0,0.0,0.0,0.0,0.0,0.0,0.0,0.0,0.0,0.0,1.0,1.0,1.0,1.0,1.0,1.0,0.0,3.0,3.0,1.0,1.0,1.0,0.0,0.0,0.0,0.0,0.0,0.0,0.0,0.0,0.0,0.0,0.0,0.0,0.0,0.0,0.0,0.0,0.0,1.0,1.0,1.0,1.0,1.0,1.0,1.0,1.0,1.0,1.0,0.0,0.0,0.0,0.0,0.0,0.0,0.0,0.0,0.0,0.0,0.0,0.0,0.0,0.0,0.0,0.0,0.0,0.0,0.0,0.0,0.0,1.0,1.0,1.0,1.0,1.0,1.0,1.0,1.0,1.0,1.0,1.0,0.0,0.0,0.0,0.0,0.0
genus_Akkermansia,0.0,0.0,0.0,0.0,0.0,0.0,0.0,0.0,0.0,0.0415887,0.2697533,0.0,0.014630200000000001,0.00791,0.0349389,0.00948,0.0,0.0,0.0,0.0,0.0,6.9456842000000005,0.0482676,0.1441785,0.0276702,0.0,0.032680600000000004,0.0677354,0.035355500000000005,0.0244141,0.00581,0.106543,0.0215471,0.5292142,0.063004,0.0161708,0.0443721,0.1609231,0.0093,0.0,0.05057319999999999,0.0550799,0.0967937,0.9660597,0.0,3.5759096999999995,3.0180726,0.3050641,0.65625,0.7748673,0.4935157,0.009859999999999999,0.016082299999999997,0.00626,0.0,0.0,0.2281022,0.008839999999999999,0.0,0.6624511,0.2614187,0.0589827,0.6466513,0.00306,0.0,0.0,0.0467536,0.1963546,0.1423091,0.00949,0.0,0.0171703,0.0,0.0,0.0,0.0,0.0,0.0,0.0,0.0,0.7956052,0.00704,0.11701229999999999,0.2984283,0.02701,4.7957246,0.2449573,0.0270124,0.0402609,0.05679240000000001,0.00489,0.00428,0.11241899999999999,0.2815547,0.0,0.017374999999999998,0.031166,8.0244195,3.1700841,0.6519019,0.7484277,0.1178701,0.0,0.0946895,0.3159386,0.6348975,0.0724563,0.9244323000000001,1.2882335,0.0,0.033456,0.00196,0.0,0.00118,4.0038556000000005,4.5000856,0.2244869,0.005560000000000001,0.0,0.34638030000000003,0.0,0.0,0.0,0.1594588,0.22315569999999998,0.048606,0.16782550000000002,0.1978348,0.0584671,0.1627812,0.0,0.0,0.0,0.0,0.0,0.0,0.0,0.0,0.0,0.0,0.00231,3.4366104,0.7722806,0.9693205,1.4034296,0.5586249,0.44382400000000005,2.1181185,4.9096668,0.0,0.1667535,1.5606507,4.0296544,1.7722915999999997,0.6302612,1.0105372,0.0,0.9169274999999999,1.3982797,3.0370072,0.181043,2.2114504,0.3413741,2.8142828,0.062315,0.0,0.0,0.0,0.0,0.1295795,0.0,0.0,0.0,0.0127525,4.4380572,0.0951454,1.3299741999999999,0.08807179999999999
genus_Alistipes,1.6135025,0.7928118,0.2319236,0.7797271,0.0037400000000000003,0.00544,3.8656171,2.7756317999999998,0.8494247,2.1764747,7.1525495999999995,5.258611,2.1116286,1.6103506,2.5954579,6.534306300000001,0.6846521,2.0476169,0.8243152,2.7672262,2.0849701,3.7543941,1.8782397,4.7089227,4.7915514,2.1100944999999998,5.6336258,9.4453225,4.8024512999999995,3.5970052000000003,4.5618317,0.8460766999999999,3.4798535,12.5292142,6.6532257999999995,12.4595731,5.5760982,4.1055028,5.2592409,0.17143250000000002,1.8206338999999998,0.9263432,0.8227464999999999,12.9064432,6.3092925,9.9749059,6.6011929,5.8816351000000004,8.921875,11.976754,12.977470899999998,1.68664,3.5327544000000004,0.8916266,6.9642686,1.58821,0.22303330000000002,0.22110200000000002,0.1843187,0.5721168,0.6873256,0.3677746,0.6497305999999999,0.1866014,0.8792786,0.5494908,0.6487055,0.5293038,0.2969929,0.00475,0.030574999999999998,0.4206731,0.6591284000000001,1.3583513999999999,1.9523367,1.4889529000000001,1.0451673,2.0695807,0.0,0.00365,7.8689146,3.1168648,1.4041474,5.8757212,5.0913838,1.1813515,2.9012132999999998,6.1183144,1.8842096999999998,3.4075420000000003,1.2281045000000002,0.3212679,3.6370850000000003,6.1804697,6.240537799999999,3.4228724,7.8927890000000005,4.7578062,9.3081575,4.051104400000001,0.1540881,0.00159,1.5365867,0.3550856,1.4544068,1.3135809999999999,2.3444778,0.9182281000000001,0.6313043,0.5817835,2.4088324,2.5031841,3.2206035,1.8580141000000001,1.5867130999999999,2.2243769,2.3410775000000004,0.3114095,0.1473736,2.7156218,0.7980503,0.3621842,1.3859227,0.5460256,0.4660016,0.3280908,3.8999441000000004,9.279002,0.5740406,1.3022499,0.689135,2.3090909,0.3892313,4.9915779,7.433929,7.311184099999999,2.8581453,0.0723945,4.0235525,3.9164404999999998,4.9406066,9.4970915,10.2120324,7.3216638,10.631769,13.916513199999999,9.982461800000001,3.3775403,8.7869545,2.0159606,17.0453361,3.1570834999999997,4.4631113,3.4342459,3.9930930000000004,3.7743997,1.4084507,0.8455499,6.430247,10.5490748,4.4851954,2.8522094,0.601361,1.3574776,6.1730799,0.7908612,2.9376317999999997,3.6630919,4.6685455000000005,1.1426551999999999,0.1765848,0.052312500000000005,5.6987437000000005,1.3492144,0.8817655000000001,2.8284139,2.369932,0.8807178000000001
genus_Bacteroides,53.2561966,63.197674400000004,86.796271,89.1510385,68.6223917,0.021751,41.3129041,58.6745392,37.8537212,28.994246899999997,40.948550700000006,49.239379500000005,48.0651533,44.6545857,32.1138008,45.2141774,54.7372101,36.581330099999995,30.376222400000003,48.7617512,26.300839999999997,47.8803707,29.117961799999996,30.571273100000003,52.32429440000001,55.9771108,62.1031197,60.848950099999996,63.02701750000001,60.6241862,60.437006000000004,3.9170218,23.383969,21.8347884,7.232862900000001,9.904592500000001,38.6259429,33.864510599999996,52.313321800000004,2.5280578,29.6948753,13.1590807,40.786448899999996,17.5714571,48.611269899999996,2.8230866,18.6959056,6.3026235999999995,14.0976563,20.003369,31.157880799999997,45.9683385,44.0763375,57.3647943,49.5162372,53.288501,59.0607259,50.823973300000006,38.9550546,74.5919904,65.8246439,65.3597946,55.661277899999995,86.17314160000001,26.9032345,50.0036633,65.6361405,65.2665728,65.177577,18.7933162,63.51634670000001,55.9495192,63.696801,54.716927999999996,54.2890184,58.338136399999996,75.0824726,47.5438596,51.7911585,73.4034396,34.6580792,46.9499754,42.0724176,26.8718085,39.787971500000005,50.8895296,65.9547594,31.5505132,34.2700701,35.4952294,9.9716215,0.6211180000000001,35.835207000000004,39.9807719,47.581535,69.6493728,58.6154505,18.540832700000003,6.843192200000001,19.420272999999998,19.902515700000002,88.8469441,15.9487098,5.7839501,20.4107201,7.8814858,20.3188076,23.117012,49.8776994,2.9184549,18.668451,48.7508573,63.152965699999996,57.1425188,50.789649299999994,39.188958,71.9712087,35.1281089,79.8168357,66.5881538,11.6744719,5.0009287,15.8495024,7.7748248,5.9070622,6.5687602,11.7877407,33.8709677,11.342617200000001,8.6797279,6.7302088,61.2424242,29.8827672,62.000901500000005,59.7015246,39.1177323,65.991705,2.4990589,42.7410451,68.9217863,57.0522431,59.556912399999995,71.980693,31.389986800000003,24.1110108,29.109883399999998,39.0314614,22.8794962,41.5004693,36.8304504,42.0792079,35.815144100000005,27.585794600000003,35.7699469,41.6339305,26.7403697,25.352112700000003,29.330697900000004,21.139782,18.0561142,16.130351,33.2175252,8.615739399999999,13.582416499999999,28.7934258,7.2349151,24.4652004,35.389806,36.1720377,31.9766757,76.8815116,65.0213866,11.8378448,53.5579474,25.844010299999997,49.9816196,74.27642370000001,21.7977652
genus_Barnesiella,0.0053100000000000005,0.0,0.0,0.0,0.0,0.0,0.8715208999999999,0.0,0.00494,0.0,2.5634738,0.0,0.6632367,0.1780486,0.41926630000000004,2.5066338,0.134017,2.1671186,0.4114718,2.9858031,0.8944219,0.0,0.0021,0.0,0.0,0.00596,0.0,0.00753,0.0,0.0,0.0,0.0313362,0.47942250000000003,1.2276696,0.6300403,0.7357697,1.8266529,1.1931862999999998,0.477549,0.016000399999999998,0.39615639999999996,0.20029039999999998,0.0846945,0.0,0.0,0.0,0.0,0.0,0.0,0.6737977,0.00443,0.0,0.0,0.0,0.0191589,0.0,0.0,0.0,0.0,0.0,0.00294,0.006940000000000001,0.0,0.0,0.0,0.0,0.0,0.0,0.0,0.0,0.0,0.0,0.0,0.00282,0.5011224,0.778098,0.42700790000000005,0.3895332,0.0,0.0073,0.0,0.0,0.0,0.0,0.00675,0.0,0.0,0.9319287,0.21740879999999999,2.4875057,0.0391428,0.0,0.0,0.0,0.0,0.0034700000000000004,0.0,4.613691,14.3236466,3.276971,0.0,0.0,0.2066444,0.1025803,0.277808,0.3283952,0.21219339999999998,0.6948753,0.0,28.3738674,5.3596521,0.3027334,0.2497399,0.2877613,0.0,0.0057,0.0,0.2947269,0.13333799999999998,0.5957742,0.0,0.0,0.0,0.0,0.00656,0.0,0.0,2.7696873,0.0,0.0,0.00343,0.0,0.0,0.00237,0.0,0.0,0.0,0.0,0.0,0.0,0.0,0.0,0.0,0.0,0.0,0.0,0.0,0.0,0.0,0.10027580000000001,0.0,1.6267099999999999,2.5260074,4.168678,1.3813943,0.9155295000000001,0.0,1.9052324999999999,3.6198886999999997,6.506436,2.2542779,2.7981193,0.9246489999999999,0.35910759999999997,1.3865087999999999,0.7225151,0.0753239,1.2049645,0.6371768,0.0,0.0211902,0.0184632,4.8763114000000005,0.0,0.00487,0.00432,0.0,0.0
genus_Bilophila,0.0265379,0.0581395,0.0113688,0.013443600000000002,0.0,0.0,0.049198799999999994,0.0,0.0,0.0346572,0.014713799999999999,0.08639150000000001,0.11948009999999999,0.1582654,0.0299476,0.00474,0.0,0.0160868,0.035660899999999995,0.0169768,0.0,0.35152680000000003,0.1636902,0.07889009999999999,0.1014573,0.0119214,0.0276528,0.0526831,0.055979499999999995,0.012207,0.0406788,0.0,0.0215471,0.00269,0.025201599999999998,0.00809,0.0221861,0.0313996,0.058918399999999996,0.0,0.0168577,0.0,0.0,0.014248700000000001,0.0,0.0209118,0.00448,0.024405100000000002,0.0117188,0.0421124,0.12393219999999999,0.0049299999999999995,0.053607800000000004,0.0125287,0.0574768,0.00477,0.0,0.0,0.0354459,0.042156,0.005869999999999999,0.0104087,0.046189400000000005,0.00612,0.0,0.0,0.0876629,0.0,0.0,0.0,0.0,0.0,0.0,0.0,0.00227,0.019212299999999998,0.0107908,0.00595,0.0,0.0,0.00379,0.0,0.0065,0.15916170000000002,0.0630233,0.0,0.0076500000000000005,0.06753110000000001,0.0805218,0.022716899999999998,0.063607,0.0,0.019838599999999998,0.00687,0.0,0.0,0.0,0.0820657,0.0221272,0.084398,0.012578599999999999,0.0,0.007949999999999999,0.0,0.1416276,0.021893,0.0207018,0.006200000000000001,0.0,0.0381497,0.0267648,0.029391600000000004,0.11446410000000001,0.017762999999999998,0.0,0.0,0.0,0.0,0.0,0.0,0.0430087,0.1300149,0.0318081,0.1014738,0.0,0.0208312,0.031966800000000004,0.0,0.0690975,0.0348817,0.051428,0.0424242,0.0046300000000000004,0.0877796,0.0688128,0.0410469,0.0,0.0,0.0,0.0,0.0,0.0,0.0,0.0,0.0,0.0,0.0,0.0,0.0,0.00418,0.0,0.013762400000000001,0.0119574,0.0517206,0.0,0.0172741,0.0,0.0713776,0.0046,0.0251408,0.0292005,0.0312058,0.0339113,0.0662184,0.00389,0.0,0.0150648,0.0120496,0.0,0.023559899999999998,0.0105951,0.012308800000000002,0.0064800000000000005,1.3517649,0.1071759,0.0194616,0.00293,0.011009
genus_Blautia,0.7112149,2.7378435999999997,0.35698040000000003,0.0604961,4.4910627000000005,11.576944000000001,4.7582232,4.9277122,6.4595783,3.528107,0.8386875,5.7055929,1.0533759,4.7123526,6.573496400000001,2.1844200000000003,0.9847336999999999,2.6175484,2.6512502000000002,1.7146616,4.9555811,2.6832843,2.992592,2.8563656,0.8070467,3.9996424000000004,1.2041529,0.2634154,0.8161221,4.3904622,1.3656439,12.615943800000002,2.1924154000000002,0.8166555000000001,1.4868952,1.7060155000000001,1.1388848,1.7937044,3.6126271,23.026812,6.945381,25.827449800000004,4.525105900000001,8.2328802,6.0921248,4.6005855,15.6868021,8.8468578,2.359375,5.162974800000001,2.040455,2.7666815000000002,1.2383403,3.9068699,2.2990708,1.6931367999999998,3.0768451,4.7021019,2.9632780000000003,2.8124059,4.3501248,4.8678093,3.630485,2.0954420000000002,17.9624064,4.7329475,1.8292327000000002,0.7384642,1.9675782999999998,12.3136808,4.0948699,0.7469093,1.0909711,2.3662058999999998,8.7435659,0.2401537,0.7306922,5.7448707,3.1461721,1.1720889,5.288880499999999,1.4071625,1.4041474,0.8753896000000001,0.9160889999999999,2.2080023,2.7442875,2.1069692,0.7649569,1.8627896000000002,0.1565711,0.6596702,0.5885465000000001,0.7210548,0.7415771,0.4586997,1.0089992,1.8915132000000001,5.4447559,1.1524694,18.698113199999998,0.5941288,4.3660255,0.46555670000000005,0.7626103000000001,0.5692184,1.5164062,3.0462837,6.7300301000000005,1.9837864,1.2713282,1.1492113,1.1758585,2.8077446999999998,2.8694298,2.6065134,2.0275086,0.553308,1.6842696000000001,5.1749221,10.4081048,4.1883358,7.7793429,2.8750906,0.5907062000000001,2.0293025,1.1348198,2.4069902,0.32422660000000003,0.1976629,1.0354166999999999,0.7515151999999999,1.5291228000000001,1.6037579,1.8729974,1.7988217,1.4685429,16.3814323,1.4597645,1.5346657,1.0056509999999999,1.1097818000000002,0.2758145,4.5878035,7.982852,2.6396561999999997,3.2893089,5.1808034,1.4312528999999998,2.3439459,3.0953622,1.5358785,0.9715412999999999,1.81022,1.8540902000000001,0.5354984,1.4084507,4.606599699999999,2.8287567,3.2230491,0.9928167,1.4000999,5.1454796,6.188875299999999,7.6335878,5.150361299999999,1.0545345,2.5183757,2.0340645,5.6661562,0.3107893,0.3815737,14.6613133,1.9689859,16.1007454,3.6825603,1.0897586000000001,3.2696648
genus_Butyricicoccus,0.0796136,0.243129,0.0159163,0.013443600000000002,0.0299155,0.0108755,0.0773123,0.0165545,0.0,0.1524919,0.23705589999999999,0.3643466,0.3535637,0.3165308,0.2944847,0.1895375,0.0553549,0.0528566,0.3401501,0.0933727,0.308213,0.0517923,0.1636902,0.31284,0.046117,0.09835189999999999,0.047763900000000005,0.00753,0.035355500000000005,0.028483099999999997,0.0174338,0.1378792,0.0969619,0.0322364,0.390625,0.1374515,0.2366514,0.054949399999999995,0.0310097,0.0891449,0.1095752,0.0600871,0.1209921,0.1082899,0.045719499999999996,0.0627353,0.1793802,0.1769372,0.1171875,0.143182,0.1659806,0.10849729999999999,0.1822665,0.1399039,0.5939266000000001,0.3481662,0.058292800000000006,0.112025,0.1276053,0.0301114,0.0528712,0.0798002,0.0369515,0.0122362,0.1300973,0.0586124,0.005840000000000001,0.1451317,0.21037,0.00949,0.00218,0.0171703,0.0,0.0731961,0.104306,0.019212299999999998,0.0154154,0.0892061,0.0973916,0.0584219,0.0871377,0.0492507,0.23402459999999997,0.2984283,0.1980733,0.00703,0.00383,0.1350621,0.0644174,0.1135847,0.0342499,0.1113729,0.046290200000000004,0.1304766,0.0384902,0.045175,0.0740192,0.326261,0.3260068,0.1513344,0.1792453,0.0159284,0.21724159999999998,0.0631263,0.0435777,0.014595299999999999,0.0672808,0.1302891,0.0605679,0.0762995,0.066912,0.251788,0.0312175,0.0509207,0.0889746,0.08555299999999999,0.028506300000000002,0.0667306,0.0315801,0.0,0.1576986,0.2507429,0.20448039999999998,0.09180959999999999,0.013126800000000001,0.062493499999999993,0.1438504,0.0714403,0.0531519,0.0174408,0.0342853,0.10909089999999999,0.18534820000000002,0.1281108,0.0795648,0.1979911,0.1353265,0.2837865,0.34654070000000003,0.0542808,0.1245531,0.0247535,0.0172384,0.117636,0.0451264,0.3683241,0.0536884,0.2003626,0.0938527,0.1086321,0.109432,0.0963365,0.0538084,0.179298,0.0647529,0.1381931,0.0,0.0439247,0.09659169999999999,0.1156476,0.0350406,0.010401899999999999,0.45441190000000004,0.7029340000000001,0.1674716,0.7273970000000001,0.3314251,0.1807447,0.7474574,0.023559899999999998,0.151863,0.2800258,0.09713770000000001,0.1708835,0.3117845,0.0800086,0.0439419,0.0605493
genus_Butyricimonas,0.0,0.0,0.0,0.0,0.0,0.0,0.1124543,0.033108900000000004,0.0444466,0.0831774,0.0,0.08263530000000001,0.42427640000000005,0.130569,0.12478159999999999,0.497536,0.1223634,0.2298111,0.0850375,0.0976169,0.3807337,0.0,0.0021,0.0,0.11990410000000001,0.0178822,0.0100556,0.022578499999999998,0.029462899999999997,0.00407,0.029056299999999997,0.0,0.0215471,0.0859637,0.34022179999999996,0.1374515,0.21446529999999997,0.1177486,0.0868271,0.0,0.0337154,0.010014499999999999,0.0241984,0.0,0.2171677,0.0,0.0,0.0,0.0,0.0,0.0,0.0,0.0,0.0,0.0,0.0,0.0684307,0.0176882,0.0496243,0.0481783,0.091056,0.1561307,0.0,0.0,0.0,0.0,0.0,0.0,0.0,0.0,0.0,0.0,0.0,0.0,0.0,0.0,0.0,0.00892,0.0,0.0,0.0681947,0.0703581,0.143015,0.3183235,0.20032409999999998,0.0351593,0.0727217,0.1215559,0.24961750000000002,0.0908678,0.0733927,0.012850700000000001,0.1388705,0.1854141,0.33614740000000004,0.045175,0.2298492,0.1581265,0.0250774,0.19498849999999998,0.0,0.0,0.007949999999999999,0.00789,0.0,0.014595299999999999,0.0828072,0.0868594,0.0,0.00954,0.1271328,0.2576663,0.3798127,0.2036829,0.0,0.0,0.00713,0.0,0.0,0.0,0.0,0.0,0.0,0.0,0.0,0.0,0.8151522,0.3352201,0.0,0.23254460000000002,0.0857133,0.054545500000000004,0.0185348,0.0569382,0.1419263,0.050705,0.0,0.00579,0.0,0.0,0.0,0.0,0.0,0.0,0.0,0.0,0.0,0.0,0.0,0.19846239999999998,0.0,0.0743167,0.0687552,0.3034273,0.1705159,0.4750389,0.0,0.0329435,0.0689941,0.0703942,0.0642411,0.13522510000000001,0.0723442,0.017828,0.0428416,0.00488,0.0451943,0.0722979,0.0245068,0.0,0.0105951,0.0,0.3367439,0.00255,0.0,0.00216,0.0,0.0
genus_Clostridium.IV,0.44849,0.0,0.0,0.047052500000000004,0.0,0.0,0.0,0.12139939999999999,0.2172947,0.12476609999999999,0.0114441,0.0262931,0.35112530000000003,0.46292629999999996,0.3344148,0.0236922,0.0116537,0.0965207,0.06995019999999999,0.008490000000000001,0.277996,5.6167146,0.8751128,6.251360200000001,3.3158089000000004,0.0476858,3.8261393999999997,3.4018213,2.200878,0.2563477,0.7264063000000001,2.3126097000000003,0.00539,0.0107455,1.8271169,0.0242561,0.029581399999999997,0.40427040000000003,0.195361,0.0457153,0.025286599999999996,0.48570430000000003,0.0846945,0.0398963,0.13715850000000002,0.1254705,0.0313915,0.0732154,0.050781299999999994,0.0505348,0.061966099999999996,2.8307935,2.6803903,0.6326999,0.6897211999999999,0.0572328,0.5144972,0.1061289,0.00709,0.00602,0.06462040000000001,0.3122615,0.024634299999999998,0.00612,0.44412540000000006,0.0366327,0.017532600000000002,0.5250352,0.1361218,0.23734929999999999,0.0709777,1.6826923,1.1477925,1.0148926,0.0068,0.0960615,0.0107908,0.053523600000000005,0.0,0.0,0.0568289,0.00704,0.019502000000000002,0.026527000000000002,0.013505,0.014063699999999998,0.0153098,0.0,0.0,0.3975466,0.09785690000000001,0.6168344,5.4159502999999996,8.7075951,4.3134639,4.5313966,2.0491644,0.0480384,0.08850859999999999,0.00582,0.1132075,0.0541565,0.0503365,0.047344699999999997,0.0871555,0.8392323,0.5848256,0.1551061,0.5521001,0.0381497,0.0,0.8827275000000001,0.239334,0.7614424,0.8007711000000001,0.4163577,0.2173603,0.0291946,0.0140356,0.0623485,0.03823,0.0325037,0.1772163,0.014496299999999998,0.0,0.0121515,0.031966800000000004,2.6460406,0.00532,0.00581,0.00343,0.7515151999999999,0.0185348,0.014234499999999999,0.043008,0.019316200000000002,0.0112772,0.00579,0.0245339,0.013159,0.1222466,1.670861,2.5547318999999997,0.6117071,1.9720217000000002,0.0368324,1.1560901000000001,0.6678752,0.0703895,3.0981031,0.3543512,5.33704,7.036948499999999,6.1995724,6.9544572,2.8070478,1.4084507,0.5765113,0.2943747,6.3958166,6.832914800000001,4.7287176,0.0949517,0.0432967,0.00779,0.5516501,0.0301296,0.0481986,0.0122534,0.0,0.0,0.0030800000000000003,0.1100894,0.020404000000000002,0.014614900000000002,0.041085500000000004,0.0205062,0.0385314
genus_Clostridium.XI,0.3662226,0.2484144,0.0113688,0.0201654,0.4823873,2.1750952,0.0,0.00552,0.024692600000000002,0.013862900000000001,0.7667533,0.011268499999999999,0.2535905,9.0053019,1.3426504000000001,1.2793782999999999,0.10196949999999999,0.2849658,0.9546146999999999,0.5220381,0.24173570000000003,0.1939458,0.0021,0.00544,0.00461,0.00596,0.012569400000000001,0.0526831,0.0117852,0.0,0.0,0.1316119,0.0538677,0.056413700000000004,0.3150202,0.056597699999999994,0.0887443,0.027474699999999998,0.0310097,0.0342865,0.0,0.00501,0.0362976,0.0170984,0.5486341,0.0,0.12108170000000001,0.0060999999999999995,0.0390625,0.0,0.0,0.009859999999999999,0.016082299999999997,0.00626,0.0,0.0667716,0.0253447,0.0,0.00709,0.0,0.005869999999999999,0.048574,0.274057,0.39767509999999995,0.1704724,0.1245512,0.0642861,0.11952020000000001,0.018562099999999998,3.2137092999999997,1.51128,0.0858516,0.05682140000000001,0.033782799999999995,0.3333258,0.3458213,0.0354555,0.1694915,0.12703250000000002,0.0073,0.030308800000000004,0.021107400000000002,0.11701229999999999,0.00663,0.11479249999999999,0.0632867,0.1492709,0.040518599999999995,0.0563652,0.0113585,0.00489,0.6339687,0.37032139999999997,0.3227579,0.2694311,0.052125000000000005,0.47528149999999997,0.1281025,0.2596253,0.3113996,0.0,0.0,0.0715308,0.08679869999999999,0.0326833,0.14595339999999998,0.1086844,0.6700583,0.0489203,0.0953743,0.0267648,0.1234447,0.0,0.016578799999999998,0.0,0.0,0.0,0.058389300000000005,0.052633400000000004,0.1316245,0.0,0.0,0.0,0.0,0.00656,0.0,0.0,0.22805960000000003,0.0,0.0,0.0,0.0484848,0.2594875,0.00712,0.0150528,0.0,0.0,0.24614139999999998,0.0030700000000000002,0.0,0.0,0.0,0.0,0.0,0.0,0.0,0.0,0.0,0.0,0.2506894,0.00521,0.1954254,0.2271912,0.45514099999999996,0.1532484,0.3454828,0.0,0.0,0.1011913,0.1106195,0.1576826,0.0499293,0.3391133,0.3412795,0.0662097,0.00488,0.0,0.0,0.0,0.0176699,0.0070599999999999994,0.0830846,0.0129517,0.0433585,1.0425294,0.0670343,0.014647299999999999,0.2807288
genus_Clostridium.XVIII,0.013268899999999998,0.0052899999999999996,0.0318327,0.013443600000000002,0.0112183,1.8542686,1.1948271,0.24279879999999998,0.5284212,0.3327095,0.1046316,0.1201968,0.0,0.0,0.0,0.0,0.0,0.0,0.0,0.00212,0.0423037,0.0198354,0.029380299999999998,0.00272,0.00461,0.0149018,0.007540000000000001,0.0,0.0,0.016276,0.00581,0.5076459999999999,0.2370179,0.131632,0.10080650000000001,0.2910737,0.2810235,0.09812390000000001,0.11783679999999999,0.08685910000000001,0.0421443,0.010014499999999999,0.0120992,0.042746,0.0,0.0,0.026907,0.018303800000000002,0.019531299999999998,0.0336899,0.0199177,0.0,0.0214431,0.0125287,0.0383178,0.4864788,0.0228102,0.0560125,0.0,0.0,0.005869999999999999,0.0034700000000000004,0.00924,0.152952,0.3319725,0.051285800000000006,0.0525977,0.025611500000000002,0.1670585,0.5174214,0.030574999999999998,0.0,0.00568,0.0,0.0068,0.00961,0.0,0.0,0.13550140000000002,0.0766787,0.11365789999999999,0.028143200000000004,0.0585061,0.0464222,0.12154500000000001,0.0773504,0.0191373,0.0,0.0,0.0,0.0,0.1113729,0.0793546,0.14421099999999998,0.0898104,0.0417,0.08570649999999999,0.006,0.0,0.00873,0.0314465,0.00478,0.0,0.0,0.0,0.0,0.0155263,0.0,0.0815338,0.019074900000000002,0.0133824,0.0186147,0.036420400000000006,0.0142104,0.2669237,0.1996236,0.1211517,0.045877299999999996,0.0245623,0.0484932,0.00478,0.00464,0.0408961,0.0,0.0,0.006940000000000001,0.0,0.0164862,0.0,0.00581,0.0,0.0,0.0,0.00237,0.006449999999999999,0.00966,0.0150363,0.0810819,0.0,0.00329,0.009229999999999999,0.0330047,0.00345,0.037643499999999996,0.0315884,0.0736648,0.032213,0.0954107,0.0117316,0.0417816,0.0364773,0.00826,0.0239149,0.048272499999999996,0.045327,0.0,0.0,0.0,0.0321972,0.0150845,0.005840000000000001,0.014562700000000001,0.0,0.0,0.0,0.0,0.0,0.0,0.0,0.0,0.0,0.0,0.0,0.066313,0.4822916,0.00865,0.058589199999999994,0.0220179
genus_Clostridium.XlVa,0.0849212,0.6871035999999999,0.1477945,0.10082680000000001,1.4097674,2.490484,0.1475963,1.3409116,0.7555929,0.3465724,0.0359671,0.3192728,0.2048231,0.0672628,0.0898428,0.0805534,0.2097658,0.1539734,0.4032424,0.0318316,0.0543905,0.1465613,0.1825775,0.1305767,0.2167497,0.1400769,0.1432917,0.2408369,0.23275679999999999,0.1302083,0.11622500000000001,0.38856860000000004,0.1185089,0.3357958,0.0756048,0.1131953,0.1774885,0.1177486,0.21396679999999998,0.1188599,1.7026298,0.3755445,0.169389,0.0455957,0.4343354,0.31367629999999996,0.1569577,0.780964,0.15625,0.3368988,0.5687602,0.064112,0.19834890000000002,0.2505742,0.11495349999999999,0.3004722,0.0684307,0.339023,0.1417836,0.32520330000000003,0.0793068,0.1838873,0.4064665,0.43744259999999996,2.3552106,0.7619606,0.7071474,0.729927,0.8043559,1.2579512,2.7233614999999998,0.5494505000000001,0.44320699999999996,0.4785901,0.0317453,0.1440922,0.0431632,0.1516503,0.1397358,0.0219082,0.1818526,0.3095757,0.47454979999999997,0.5106439,0.3623841,0.5625483,0.7157347,0.16207459999999999,0.3301393,0.3521127,0.2446423,0.1156565,0.37032139999999997,0.1167422,0.07441429999999999,0.1389999,0.0896022,1.6473179,1.374834,1.2019441,4.0974843,0.089199,0.0688815,0.039453999999999996,0.201547,0.1240604,0.1138598,0.0496339,0.9853938,0.1812113,0.3947809,0.0715195,0.1404787,0.0568417,10.1950026,1.1749273,1.054732,0.1904603,0.3122917,0.1385521,0.3201759,0.5061293,0.7043214,1.13554,0.1247046,0.19616009999999998,0.719252,0.0631972,1.4457319,0.302308,0.1474269,0.0121212,0.0417034,0.0877796,0.0408576,0.014487199999999999,0.0626511,0.35328529999999997,0.0429342,0.00329,0.018452299999999998,0.1939024,0.0172384,0.4234896,0.1083032,0.300798,0.2183328,0.3339376,0.39300799999999997,0.1441464,0.109432,0.4844348,0.1614253,0.12068129999999999,0.1100799,0.0259112,0.0,0.2910009,0.21618140000000002,0.17095739999999998,0.116802,0.3432637,0.045215099999999994,0.0483904,0.027262800000000004,0.40519429999999995,0.12051819999999999,0.6506808000000001,0.5391496,0.5536577,0.3284478,0.4615811,0.0906618,0.387676,0.40434549999999997,0.4627527,0.2284978,0.599989
genus_Clostridium.XlVb,0.0212303,0.0052899999999999996,0.0113688,0.0336089,0.0,0.0,0.2178802,0.1269176,0.3407576,0.0831774,0.0261579,0.2591744,0.00975,0.0158265,0.0299476,0.00474,0.0437012,0.1631659,0.052119799999999994,0.1082274,0.0664773,0.11019650000000002,0.2707183,0.16050050000000002,0.1429626,0.21756620000000002,0.04525,0.0903138,0.2681123,0.1871745,0.4532775,0.2694911,0.1346693,0.08865010000000001,0.0378024,0.056597699999999994,0.3993492,0.0510244,0.7504341,0.3360077,2.8910991,1.0865755,0.9679371000000001,0.21373,0.3314665,0.0418235,0.0448451,0.0732154,0.0820313,0.0926472,0.4404019,0.0986339,0.026803900000000002,0.0167049,0.3257017,0.13831259999999998,0.1089822,1.2971316,0.1063377,0.2047576,0.1674255,0.1804177,0.046189400000000005,0.024472300000000002,2.0546409000000003,0.7106748,0.5668867999999999,0.10244589999999999,0.5630491,0.0,0.00546,0.0171703,0.011364299999999999,0.00563,0.0226752,0.0960615,0.0215816,0.00892,0.19901760000000002,0.109541,0.1250237,0.0985014,0.06500679999999999,0.33158699999999997,0.2093275,0.3445609,0.44398509999999997,0.1755808,0.3704002,0.5452066999999999,0.1223212,0.0471193,0.165322,0.08927349999999999,0.0461882,0.0278,0.0194787,0.6285028,0.3422334,0.20080910000000002,0.1477987,0.5590862999999999,0.1298151,0.039453999999999996,0.21244139999999997,0.2846092,0.0879826,0.024817,0.7198267,0.0762995,0.267648,0.3350642,0.5619147,0.1598674,0.8304293,1.9848286,1.1402509,0.0987057,0.1193024,0.0415656,1.1612348,0.1160847,0.5998092,0.4445518,0.052507200000000004,0.1770649,0.00799,0.030224800000000003,0.8663761000000001,0.075577,0.0205712,0.15151520000000002,0.0417034,0.09726929999999999,0.0688128,0.12314080000000001,0.1378325,0.4951785,0.29133950000000003,0.1957398,0.0876485,0.3589257,0.1999655,0.3011481,0.10379059999999998,0.5279312,0.379398,1.1926343000000001,1.4077898,0.1650372,0.1042209,0.18166300000000002,0.0866914,0.2344666,0.1640406,0.1641043,0.0,0.2690386,0.21158180000000001,0.6084071,0.2569643,0.1373055,0.1537314,0.23940509999999998,0.1557875,1.7330598999999998,0.4820729,0.9278226,0.919005,0.0647897,0.19777499999999998,0.787765,0.5763502,0.2218935,1.0522726,0.4086928,0.1904148,0.1486211
genus_Clostridium.sensu.stricto,0.8784035000000001,0.0,0.0,0.0,1.1554858,1.451876,0.2038234,0.0,0.0395081,0.0,0.4463191,0.0,0.014630200000000001,0.1582654,0.00998,0.0142153,0.0,0.0023,0.0205736,0.050930500000000004,0.006039999999999999,0.0,0.0021,0.0,0.0,0.0,0.00251,0.0,0.0,0.0,0.0,0.8523439,0.0269339,0.00537,0.063004,0.0,0.0,0.0235497,0.0031000000000000003,0.022857699999999998,0.0,0.0,0.0362976,0.1082899,0.0800091,0.0,0.0134535,0.0,0.0,0.0,0.0,0.0,0.0,0.0,0.0,0.023847,0.8211679,0.06780459999999999,0.6096696,0.0,0.0528712,0.0,0.0,0.0183542,0.0,0.007330000000000001,0.0,0.00854,0.0,0.00475,0.1157483,0.0,0.0,0.0450438,0.00454,0.07684919999999999,0.0,0.0356824,0.0550474,0.0,0.0,0.0703581,0.0065,0.2785331,0.0045000000000000005,0.0,0.0688942,0.0,0.0,0.0,0.0,0.0214179,0.2975797,0.0206016,0.012830099999999999,0.1111999,0.0039,0.010008,0.0,0.0,0.0031399999999999996,0.0,0.007949999999999999,0.2130514,0.0708138,0.0583814,0.00518,0.0434297,0.0,0.0,0.0936768,0.3066523,0.0104058,0.0,0.0,0.0,0.0,0.182119,0.0,0.0,0.0,0.0,0.0,0.0,0.0,0.0,0.0,0.0219816,0.0,0.0,0.0,0.0,0.0,0.0,0.0,0.5770717,0.0,0.1361017,0.0766683,0.0,0.1014877,0.0,0.0,0.0,0.0,0.0,0.0,0.0,0.0,0.2736693,0.0,0.0027500000000000003,0.00897,0.0,0.0064800000000000005,0.0,0.0,0.0,0.0,0.0,0.0,0.0020800000000000003,0.00226,0.0,0.4089422,0.0,0.0,0.0,0.1715476,0.0,0.0,0.0,0.038855100000000004,0.2116915,0.1705071,0.00432,0.0,0.0
genus_Collinsella,0.1379969,0.8826638,0.095498,0.0672179,0.0,0.0,0.0702839,1.749255,0.48397450000000003,0.8941568000000001,0.12424999999999999,0.09765990000000001,0.11216500000000001,0.6924112,0.2345895,0.0710766,0.4224449,0.8801764999999999,2.6142176999999998,0.0,1.3597631000000001,0.0022,0.0021,0.0,0.0,0.0,0.0,0.00753,0.0,0.0,0.0,11.0303334,0.15082959999999998,0.013431799999999999,0.46622979999999997,0.0808538,0.1183257,0.1530732,0.0558174,1.7417541,2.6382333,4.130989899999999,0.2661827,0.2849734,1.4858841,0.35549980000000003,1.5337011,0.3111653,0.4179688,0.3200539,0.1438499,0.0,0.0,0.0,0.0,0.0,0.0304136,0.2594263,0.467886,0.1626016,0.284917,0.4302269,0.0061600000000000005,0.0,0.0,0.0,0.0,0.0,0.0,0.0,0.0,0.00859,0.0,0.00141,0.0181402,0.16330450000000002,0.0447048,0.4490039,0.0,0.0,0.0,0.0,0.0,0.0,0.0022500000000000003,0.0,0.0,0.0540249,0.23351320000000003,0.034075400000000006,0.0684999,0.3255515,0.0859675,0.19914849999999998,0.10007440000000001,0.0938249,0.1908917,2.6140913,2.6552589,0.2357324,0.27672959999999996,0.0876061,0.19339800000000001,0.189379,0.6972437,0.7954463,0.2277197,0.713488,0.291192,0.44825940000000003,0.22080960000000002,0.1841873,0.11446410000000001,0.1267097,0.0,0.0,0.00356,0.0,0.0,0.0,1.3093759,19.005386299999998,2.4219567,4.1507611,0.15095830000000002,0.10415579999999999,0.7831855000000001,0.1593669,0.0690975,0.0523225,0.1577125,1.0,0.5282424,0.9015207000000001,0.6666237,0.4853197,0.0,0.7355283,0.0,0.0,0.0,0.2846652,0.0344768,2.2821382000000003,4.2238267,2.9772867,0.3436057,1.4884076,0.4399343,0.4199047,0.7034914,0.0275247,0.0956595,0.093097,0.0323764,0.9328036,0.0,0.3184539,1.1912975,0.4927595,0.3796064,0.0728135,4.2660457,8.7204564,0.2064184,4.4522554,0.3163603,0.3976383,0.1715476,0.4947579,0.11301429999999998,0.3538788,10.6527652,0.0076500000000000005,0.00487,0.2811115,0.21677990000000003,3.4843396999999996
genus_Coprococcus,0.2813014,0.2801268,0.1432469,0.11427040000000001,0.0,0.0,0.3233062,0.4911158,0.0,0.013862900000000001,0.2092632,0.0,1.3094048,0.8981562000000001,2.9198901999999998,0.7771039000000001,0.2301597,1.0732178,1.8708253000000001,0.25040850000000003,3.7892065,0.6027747,0.2938029,0.601197,0.2490315,0.36062350000000004,0.4977501,0.21073229999999998,0.3447158,0.43945310000000004,0.3196188,0.0,0.21008400000000002,0.4351914,0.5166331,0.2344761,0.38455849999999997,0.2825968,0.0,0.00229,0.0,0.0,0.0,0.3505172,0.7772317,0.083647,0.25113230000000003,0.3111653,0.0625,0.143182,0.0818838,0.0,0.0,0.00209,0.0,0.0,0.11911999999999999,0.5719171000000001,0.07798100000000001,0.0602228,0.1086797,0.1110263,0.1878368,0.00306,0.0,0.0,0.0,0.25611470000000003,0.1423091,0.0,0.00218,0.0,0.0,0.038005699999999996,1.1768440999999998,0.2017291,0.24048099999999997,1.1626523999999998,0.3472222,0.1314492,0.9206289,0.4713994,0.18851980000000002,0.2520061,0.30611330000000003,0.14063710000000001,0.5664638,0.0135062,0.0,0.0,0.0,0.1884772,0.1719349,0.27468750000000003,0.1796207,0.11467490000000001,0.1597257,0.1601281,0.2345479,0.0378336,0.0,0.00159,1.7379325,1.0731476,1.0513128,2.9847479,1.2007039000000002,0.508748,0.3401123,0.3624225,0.23419199999999998,0.4839816,0.2809573,0.5755225,0.0,0.0,0.0,0.1668265,0.0,0.013855200000000002,0.00956,0.0,0.0,0.0,0.0,0.00174,0.127867,3.220311,0.0,0.0813906,0.0,1.0363636,2.298318,1.1624872,0.46448619999999996,0.7726483000000001,2.6275891,5.4614427,0.7145486000000001,0.33555389999999996,0.3021566,0.523949,0.0551629,1.6092603,0.5009025,0.8778391999999999,0.9413365,2.5665489999999997,0.6276396,0.0898304,0.1042209,0.0,0.0,0.0,0.0,0.0,2.8169014,0.0,0.0,0.0,0.0,0.0041600000000000005,0.8613479,0.99837,0.9931453,1.2546378,0.6628503,0.6265815,0.7597108,0.1943692,0.1342045,0.24617660000000002,2.7651859,0.27545400000000003,0.8622789000000001,0.4238296,0.0908132,0.2972423
genus_Dorea,0.1645348,0.8985201,0.19781719999999997,0.1209921,0.0,0.0380642,0.5411864,0.43593420000000005,0.2123562,0.3049837,0.20272369999999998,0.41693269999999993,0.5852088,1.3215162,2.6703269,0.4833207,0.32338890000000003,0.6503654,1.1054876999999999,0.239798,1.3899801,0.532249,0.38823949999999996,0.5331882,0.31359529999999997,0.7063452,0.42233339999999997,0.16557539999999998,0.2622197,0.5167643000000001,0.42422129999999997,1.8362998,0.5548373,0.32773670000000005,0.5166331,0.38001290000000004,1.7231178999999999,0.7378914999999999,0.0279087,0.054858399999999995,0.8513149,0.6459366,0.0,1.0914479,2.1602468999999997,0.20911749999999998,0.6278308,0.5491153000000001,0.1640625,0.589573,0.3120436,0.37974060000000004,0.3538115,0.615995,0.9196283,0.4387848,0.17487830000000001,0.0707526,0.00709,0.0481783,0.0939932,0.097148,0.29253270000000003,0.4099113,1.1843345,0.33702099999999996,0.2396119,0.0341486,0.0,0.00475,0.0,0.0,0.0,0.7009938,1.2811500999999998,0.1440922,0.1371975,1.1745465,0.19054880000000002,0.0365137,1.2464482000000001,0.3306832,0.3380355,0.16579349999999998,0.2565949,0.239083,0.4171929,0.44570499999999996,0.41066109999999995,0.3975466,0.0587142,0.2655815,0.0925803,0.0824063,0.1359986,0.12857490000000002,0.218162,0.5264211000000001,1.3969612,0.4481825,4.0251572,0.0,0.39474380000000003,0.11836189999999999,0.1852054,0.1605488,0.4813166,1.1167639,0.4239756,0.6771578,0.3211777,0.2841187,0.4162331,0.5388122000000001,0.0,0.0,0.0,0.3030682,0.0,0.0,0.6594667000000001,0.0557207,0.2544645,0.0773134,0.013126800000000001,0.1197792,0.1358587,0.3681926,0.026576,0.00581,0.2914252,0.26060609999999995,0.21315050000000002,0.2372423,0.5634045,0.325961,0.7142231,0.8513596,0.251472,0.2582449,0.16607080000000002,0.1361442,0.0517152,0.6728778000000001,0.9386281999999999,0.6077348,0.6263646,0.7919092000000001,0.3812764,0.43661739999999993,0.5054716,0.1321186,0.2361593,0.362044,0.4705374,0.0777336,0.0,1.3177401,0.6439446,0.4977876,0.1460025,0.1622701,2.5953474,1.4466178,0.860726,1.244874,0.2410365,0.542234,0.8087244,0.3828484,0.3567014,0.5754376999999999,2.3054009,1.0176495,5.3539241,1.2022921,0.4247715,0.8531953999999999
genus_Eggerthella,0.013268899999999998,0.0052899999999999996,0.0068200000000000005,0.0,0.0299155,0.1141925,0.06325560000000001,0.6566604,0.0839548,0.0831774,0.0,0.0150246,0.1365487,0.1820052,0.0798602,0.0473844,0.00291,0.0183849,0.0905238,0.00212,0.0906509,0.0286511,0.010493,0.0136017,0.0368936,0.032784,0.00251,0.022578499999999998,0.00295,0.00814,0.00581,0.0188017,0.0161603,0.0,0.0,0.0,0.0,0.0,0.0,0.00457,0.0168577,0.0,0.0,0.00285,0.045719499999999996,0.0,0.049329599999999994,0.0060999999999999995,0.00391,0.0,0.0,0.009859999999999999,0.0107216,0.0167049,0.0383178,0.20508420000000002,0.0025299999999999997,0.0117921,0.014178399999999999,0.0,0.00294,0.006940000000000001,0.0030800000000000003,0.00306,0.026916700000000002,0.0146531,0.0,0.00854,0.0247494,0.0901927,0.025115199999999997,0.2918956,0.039775,0.0351905,0.00227,0.0,0.0015400000000000001,0.00595,0.1820799,0.025559600000000002,0.00379,0.0,0.019502000000000002,0.0,0.0,0.0,0.0114824,0.0,0.0,0.0113585,0.0,0.0,0.0,0.0,0.0,0.0,0.0,0.0240192,0.0398289,0.0,0.10691819999999999,0.0,0.00265,0.0,0.00545,0.0,0.0103509,0.006200000000000001,0.00466,0.0286123,0.0200736,0.00196,0.0,0.00237,0.4819456,0.0228141,0.0356328,0.009729999999999999,0.0175445,0.055420899999999995,0.0334512,0.0,0.0,0.00483,0.0,0.0,0.031966800000000004,0.030224800000000003,0.0,0.0,0.0,0.0909091,0.00927,0.00237,0.0043,0.00241,0.0175423,0.0347494,0.0030700000000000002,0.013159,0.00231,0.0165023,0.0,0.00941,0.0722022,0.0184162,0.0071600000000000006,0.0381643,0.0,0.00627,0.0,0.030277199999999997,0.0328829,0.0069,0.00216,0.1295561,0.0,0.00549,0.0827929,0.0351971,0.005840000000000001,0.00624,0.0158253,0.00764,0.0,0.0146456,0.0,0.0,0.0,0.01178,0.0,0.00615,0.038855100000000004,0.30606,0.18025039999999998,0.006490000000000001,0.011717799999999999,0.0605493
genus_Erysipelotrichaceae_incertae_sedis,0.0,0.026427100000000002,0.0068200000000000005,0.013443600000000002,0.2206267,0.3588907,0.0702839,0.4028253,0.024692600000000002,0.1178346,0.00163,0.0713669,0.4852357,1.0920313,3.8981782,1.0140258,0.8448899,1.4271269,1.7309248999999998,0.0212211,2.2179246999999997,1.6672726999999998,0.7848733,0.2856366,0.4888397,0.4053289,0.4826667,0.2257846,0.4036416,0.7446289,0.26150629999999997,0.3321634,0.0161603,0.0161182,0.012600799999999999,0.00809,0.029581399999999997,0.0392495,0.0248077,0.1942902,0.1938638,0.0851234,0.0241984,0.0113989,0.0,0.0,0.0313915,0.0,0.0,0.0,0.0,0.009859999999999999,0.0,0.00209,0.0,0.0143082,0.0,0.0059,0.0,0.0,0.0,0.0138783,0.3233256,0.11012540000000001,0.4934727,0.5714704,0.2279236,0.00427,0.105185,0.2088674,0.0141955,0.00859,0.022728599999999998,0.00563,0.0068,0.0,0.0,0.0118941,0.0,0.00365,0.0113658,0.0,0.0,0.0,0.0225083,0.0421911,0.030619700000000003,0.0,0.00805,0.0,0.0,0.0728207,0.0925803,0.5013048,0.1873188,0.1007749,0.16362149999999998,0.4163331,0.697743,0.1193213,0.1100629,0.00319,0.174853,0.05523550000000001,0.016341599999999998,0.043786,0.9626333,1.2532572,0.00466,0.30519789999999997,0.10036800000000001,0.00392,0.0,0.00355,0.1186328,0.0,0.0,0.011121800000000001,0.1087757,0.20090059999999998,0.0860174,0.0417905,0.12268820000000001,0.0,0.0,0.0121515,0.0,0.2500412,0.0,0.0,0.0,0.42424239999999996,0.2919235,0.2443596,0.2601983,0.2293799,1.3357223999999999,1.5782006000000002,0.6532139,0.952381,0.23065389999999997,0.00413,0.0,0.0,0.00903,0.0,0.0,0.0,0.0,0.00209,0.0,0.0055000000000000005,0.0269042,0.0172402,0.0064800000000000005,0.0,0.0,0.0109812,0.0183984,0.005030000000000001,0.0175203,0.00624,0.00904,0.00509,0.019473400000000002,0.00976,0.0,0.0,0.0,0.0,0.0,0.00615,0.0064800000000000005,0.05101,0.40434549999999997,0.0151368,0.029294599999999997,0.0
genus_Faecalibacterium,10.031314700000001,0.9778013,1.0936789,0.1209921,0.0074800000000000005,0.00544,5.0112454,9.971305599999999,31.7546546,20.7250295,6.333480499999999,10.851519399999999,4.6036429,5.499723,9.049164,5.904094,10.6164783,10.1921221,14.007872800000001,7.7138552,14.3711851,2.3945695,16.1423685,9.989118600000001,9.8275226,5.8415045,2.8457225999999998,2.9803566999999997,1.9180342,4.8421224,4.3468154000000006,3.4657809,18.1049343,5.7165883,20.5393145,7.8832471,9.3255436,10.691576999999999,3.4544778,0.1440033,1.8037760999999999,1.6924541000000002,5.5656381999999995,9.691943799999999,1.0858384,7.0472605999999995,7.5563927,22.3672971,4.8984375,9.7111092,12.2715,13.004882400000001,6.2721132,8.983086199999999,5.5560877,21.7770783,5.482056,11.9807789,35.8499929,4.4685336,6.4238508,3.5840677000000003,5.6905312,2.9183236,8.2499664,12.3012675,9.9292853,10.8208477,12.189085500000001,1.8418304,1.7809954,8.5765797,10.3926359,5.6670702,2.0815855,12.2478386,7.0803145,7.5944098,13.1309282,5.2652718,5.6980489,8.4429747,5.0965351,5.5375025,3.016116,1.9126644000000002,3.3222337,6.3884387,2.5203317,6.3039527,0.6360701,55.086742300000004,9.9788388,12.189259700000001,8.650021800000001,4.8198214,8.5589622,4.9419536,2.3971087,0.6373504999999999,9.7735849,1.7075230000000001,5.5979442,6.746626699999999,2.3041726,3.626943,13.0059,5.6148406,4.675379100000001,9.6804959,7.3603212000000005,11.720388,3.6940687,12.723074200000001,0.7562838,2.0190498000000003,2.7971779,7.7643853,5.593178699999999,1.1984759,4.8647615,3.4082467,1.0678421,0.9132641,0.603833,2.2393501,12.986494,3.0114854,1.5573508999999999,11.8423347,0.7028491,11.5878788,21.1667671,2.894356,4.466378499999999,15.440892400000001,8.1371308,7.908377499999999,12.6012022,6.711078199999999,8.3219928,2.145303,1.0722289,13.866930199999999,6.015343,9.693063200000001,4.2485415,8.2721114,3.8538245,10.476727700000001,8.681605000000001,12.837521700000002,5.228386899999999,8.406316799999999,6.127779,29.063741599999997,9.8591549,14.3853292,6.9224046999999995,3.9521319,13.654149400000001,13.0669052,6.992516899999999,8.5676447,6.5898115,14.3770748,7.140705,3.626943,2.2423723,12.1627989,0.7840367000000001,0.5508201,1.3534516,11.9516425,0.20948020000000003,6.9607525,0.10839,19.1941432
genus_Flavonifractor,0.1273818,0.0739958,0.047749,0.09410500000000001,0.47490839999999995,2.2349102999999997,0.0843407,0.1986536,0.8839942999999999,0.22873780000000002,0.024523,0.0788792,0.07802780000000001,0.0514363,0.09982529999999999,0.0331691,0.029134099999999996,0.0689433,0.0562345,0.08700630000000001,0.0846075,0.10358469999999999,0.010493,0.0462459,0.0415053,0.050666100000000006,0.0175972,0.1354708,0.0147314,0.0406901,0.0813575,0.2882928,0.0646412,0.0993956,0.2646169,0.0727684,0.0665582,0.0353246,0.0527164,0.027429199999999997,0.46358730000000004,0.0751089,0.1088929,0.0911915,0.8686707,0.083647,0.3408225,0.061012800000000006,0.125,0.0758022,0.0796707,0.0591804,0.1447411,0.0417624,0.11495349999999999,0.05246339999999999,0.0202758,0.0560125,0.0638026,0.0361337,0.020561,0.0451044,0.0338722,0.0,0.9241398,0.6081032,0.2746771,0.2817262,0.43311469999999996,0.018987900000000002,0.013103600000000002,0.23179950000000002,0.0738678,0.07601139999999999,0.0566881,0.0480307,0.012332399999999999,0.0713649,0.2625339,0.0328623,0.0871377,0.0351791,0.12351300000000001,0.0198952,0.08103,0.0351593,0.0803766,0.0270124,0.0805218,0.1022263,0.00979,0.025701400000000003,0.013225800000000001,0.013734399999999999,0.010264,0.017374999999999998,0.0194787,0.10008009999999999,0.1799675,0.029102799999999998,0.1257862,0.1720266,0.0132464,0.0157816,0.0871555,0.0948697,0.0103509,0.0124085,0.2119878,0.00954,0.0200736,0.029391600000000004,0.0260146,0.0355261,6.9029436,1.1977414,0.19241729999999999,0.0861937,0.1087757,0.1801178,0.1481411,0.1160847,0.0454401,0.0483209,0.10501440000000001,0.052077899999999996,0.2717174,0.0659449,0.0903582,0.0348817,0.00343,0.0424242,0.0185348,0.0640554,0.13332470000000002,0.07002119999999999,0.0889646,0.25193289999999996,0.046001,0.024673099999999996,0.013839200000000001,0.07426050000000001,0.0620583,0.1411632,0.09025269999999999,0.18416210000000002,0.0680053,0.3339376,0.0821211,0.0396925,0.0573215,0.0357821,0.029893600000000003,0.0551686,0.0388517,0.41457940000000004,0.0,0.16471750000000002,0.0689941,0.1257039,0.0292005,0.014562700000000001,0.45893339999999994,0.5170130000000001,0.027262800000000004,0.2050381,0.0301296,0.4578865,0.1960544,0.0706797,0.0141268,0.009229999999999999,0.11656520000000001,0.49479700000000004,1.5540508,0.5946589,0.3456761,0.2697198
genus_Lachnospiracea_incertae_sedis,3.4366541,4.8572939,1.1232377999999998,0.36969820000000003,6.2635555,7.699836899999999,13.6631993,8.5862488,3.8026569,10.3347889,6.8010529,6.4493107,5.1303309,5.3454143,7.9610681,4.8616376,4.0933458,7.5332077,6.5643473,10.2073298,7.5542394,2.4375461,20.1317916,6.0881393,3.9383877999999997,9.921616499999999,3.358556,1.6181230000000002,5.5567013,7.4625651,3.0218503,16.1130609,5.6399483,4.6796508,4.5236895,5.700194,5.0584233,5.1063663,14.2737534,45.8753343,12.3314228,25.792399,6.291591,8.856971900000001,10.241170400000001,10.4976997,12.5521324,17.5228798,8.9570313,9.1552261,11.328730100000001,7.3432954,8.4539509,9.7306327,9.713574099999999,4.7980159,13.2400649,8.1984611,3.665107,4.649202,5.883389599999999,7.1716050000000005,16.292532700000002,1.8690730999999998,10.4571352,1.831636,7.0071884,1.8056089000000002,0.9095409000000001,16.4293174,5.5875865,2.0003434,4.346837900000001,7.9586723,9.4102175,3.8808838,3.7829505,11.210229,8.7821816,8.7997955,12.1007767,10.0471399,3.3868556,9.058956199999999,6.8830467,11.6658463,7.3563746,10.089141,2.5444883000000003,7.4738755,1.7418533999999999,2.1417862,16.1222061,5.2533993,9.0657155,4.3819717,6.0345163,1.4931946,1.7937748999999998,1.1553796,16.1100629,0.8394259,4.9409209,1.4045609000000001,4.1998039,11.9316938,5.8741331,4.7772677,6.8418478,6.4663805000000005,4.0883239,9.4631135,5.3277836,6.645745799999999,1.3568622000000001,5.1616951,4.9494014,40.627823899999996,4.2562897,11.1465189,11.8704005,2.3124071,18.3078112,4.6098091,2.6122342,3.5534493,9.5820347,9.8697588,4.735835,12.4353235,1.9851202,3.9818182,23.1546268,5.4542003999999995,6.4490463,12.9780761,7.625897500000001,20.3110069,14.2235034,5.4511062,8.850190300000001,4.063699,0.8067575,11.029550200000001,15.8303249,7.5322284,16.6863524,8.911363399999999,4.0415298,9.5366424,5.5810318,11.7090088,14.483439,9.9958624,14.060004300000001,1.7965106000000002,5.6338028,12.771097600000001,6.384251000000001,9.8652454,14.232319099999998,9.9775318,5.2268668,6.0437042000000005,8.0970556,11.633469999999999,6.6435673,3.0967586,4.2519299,10.495935900000001,0.48384250000000006,1.0677908999999999,6.896775,4.4531728,12.6906026,13.2122392,2.0740567000000003,17.6528871
genus_Odoribacter,0.0,0.0,0.0,0.0,0.0,0.0,0.6676974999999999,0.3090167,0.2666798,0.1663548,0.4201612,0.7249371,0.1219185,0.0712194,0.2246069,0.5543973,0.1922853,0.3791883,0.1097258,0.3883454,0.2719526,0.0,0.0,0.0,0.0,0.0,0.0,0.0,0.0,0.0,0.0,0.0626723,0.538677,0.5990598,0.0882056,0.0808538,0.872652,0.5102441,0.6760109000000001,0.00686,0.2275792,0.0400581,0.0362976,0.2279787,0.468625,0.0627353,0.0852056,0.030506400000000003,0.0820313,0.43796850000000004,0.40056650000000005,0.7101642,0.5360781,0.3215703,1.1303765000000001,0.00477,0.0278792,0.0383243,0.00709,0.054200500000000006,0.011749200000000001,0.0693914,0.0,0.0,0.0,0.0,0.0,0.0,0.0,0.0,0.0,0.0,0.0,0.0,0.1179112,0.038424599999999996,0.0601202,0.19030629999999998,0.0,0.00365,0.3674938,0.1688595,0.032503399999999995,0.3116918,0.5311965,0.0351593,0.14161600000000002,0.2160994,0.2737741,0.1476602,0.09785690000000001,0.012850700000000001,0.1388705,0.3982969,0.3207513,0.031275,0.2571195,0.09807850000000001,0.48532230000000004,0.2095399,0.0,0.00159,0.0953743,0.0315632,0.0980499,0.1678465,0.3105269,0.2233528,0.0,0.0286123,0.7226497000000001,0.0,0.0,0.0,0.0,0.0,0.0,0.0027800000000000004,0.0,0.0,0.0,0.0,0.0,0.0,0.0,0.0,0.0,0.5605319999999999,0.0,0.0,0.0,0.0727273,0.0695056,0.0569382,0.1225727,0.0627777,0.1478567,0.0029,0.2054711,0.1973847,0.2675585,0.0866372,0.1999655,0.1411632,0.18050539999999998,0.1964395,0.2720212,0.057246399999999996,0.2580948,0.3802123,0.1823867,0.5670088999999999,0.5350950999999999,0.3482518,0.5503993,0.120919,0.0,0.5161149,0.38636679999999995,0.8698713,0.3504059,0.6157943,0.056518900000000004,0.030562299999999997,0.27652279999999996,0.034173,0.1807773,0.21689360000000002,0.2083078,0.023559899999999998,0.0176585,0.012308800000000002,0.1424686,0.285656,0.0194865,0.0886582,0.0527303,0.027522400000000002
genus_Oscillibacter,0.087575,0.031712500000000005,0.0454752,0.09410500000000001,0.27297879999999997,0.0,0.4146753,0.6235514999999999,2.5927206000000003,0.7208705999999999,0.8926382,0.3718589,1.502036,0.1384822,0.41427499999999995,1.1467019999999999,0.18354499999999999,1.160546,0.7913975,0.4095665,1.2993292,3.6838683,1.0136199000000001,2.8019586999999997,4.1781959,1.6391976999999998,2.2800975,7.6766765,2.0299932,0.8097330999999999,2.3709902,1.3223866000000002,1.3574661,3.0382807,6.5398185,2.9754204,1.1166987,1.1931862999999998,0.4248325,0.036572299999999995,2.6129467,0.3805518,1.5607985,0.7694281,1.2572865,4.8306148,1.9821517,1.2324587999999999,6.207031300000001,1.162301,0.9272784,0.5572816,1.7422536999999998,0.20254750000000002,0.43107579999999995,0.3767826,0.08617190000000001,0.2122579,0.5104211,0.5600723,0.2261712,0.3434876,0.23402620000000002,0.024472300000000002,0.6415145,0.9890834,0.6662381,0.7427327,0.507363,0.00475,0.1332198,1.6912775000000002,0.846639,0.7136623,0.0317453,1.2391931,0.1695699,0.5649718,0.0550474,0.1533574,0.2955105,0.49250689999999997,0.6500683,1.2931892,0.8508148,0.6117713,0.7004248000000001,1.0264722,0.3059828,0.6247159999999999,0.2446423,0.681088,2.1888639000000003,3.1795083,1.2958354,0.9938492999999999,1.8426896000000001,1.2670136,0.9558931999999999,0.3957976,0.1949686,0.24689,1.1550893,3.7717982999999995,3.7095544,4.5318543,0.8228962,2.264549,1.1438023,2.393896,3.4794246,0.8984031,0.66077,0.49618090000000004,1.7572477,1.8536474,0.7696693,0.653404,0.2912383,0.7343263,5.342636,5.3723997,2.2083882,0.7199807,1.0173273999999999,0.4496059,5.2984896,4.811232599999999,0.5262039,0.8139062,0.1405698,1.0727273000000002,0.91284,1.4898816000000001,2.1030901,1.3255747,0.8445374,0.0550198,1.6376349,0.643145,0.5143582,2.2814473,0.6378211,1.049313,3.9214801,1.0988335999999999,2.2728086000000003,1.8986737999999999,1.4195214,2.1245925999999997,2.3710266,0.509207,0.6606481,0.48962140000000004,0.2503777,3.8521333999999996,0.0,0.3678691,1.5822639,1.2318986,1.7637096,0.8841641000000001,0.7505708,0.4915444,0.3505219,0.1757469,0.7683037,0.8916736999999999,0.42886900000000006,0.5359877,0.0776973,0.073853,1.7484782,0.841665,1.0766308,0.5535734,2.6189359999999997,1.6403369
genus_Parabacteroides,3.7683775,5.6183932,1.8894952,2.6214963,0.0037400000000000003,0.00544,3.8726455,3.4488467000000003,2.39518,2.2735149,1.6103454,2.5992563,1.8409695,2.2552821,3.5887197000000004,4.1508719,1.8034029,7.1425288,2.4907762,1.4345436,2.1816644,4.0012342,5.5109022,3.0848749,4.2150895,2.7717343,3.8336810999999997,1.8589598999999999,2.7164786,2.0222982,6.944444399999999,0.213086,2.4240464999999998,2.8556078,1.1844758,2.0213454,2.869398,2.0763011000000002,3.2994294,0.16457519999999998,1.7026298,0.8061689000000001,1.0284332,5.850503,0.7543719,0.5227938,1.3543208,0.7931666,0.6640625,8.5403857,2.9212588,1.7951373,3.4362603,1.3635414000000001,4.2820194,1.3592788999999998,0.9884428000000001,0.4038796,2.3252517,1.770551,2.9960347,3.4487544000000003,2.5127021,3.1997552999999996,2.3641829,5.7513371,2.2733914,3.0477654,7.8826878,7.3673218,8.230142599999999,12.019230799999999,7.8924939,12.5165395,1.3763859999999999,0.9702208999999999,0.7060274,0.5738924000000001,2.5702913,1.1100157,2.261792,0.42214870000000004,0.9230969,2.8980702000000003,2.9958584999999998,0.5906758,1.5271557999999998,5.361966499999999,3.9697238,5.486142699999999,2.328995,0.2527308,1.7524137,1.8678753,2.7635934,0.8895993,0.8103159000000001,6.319055199999999,3.4090574,3.8066413,0.0,2.4147433,0.5192603,0.2998501,1.2092821,0.6494928,1.1955284,1.2656657,2.3015818,0.5340963,2.4021412,3.5044577,3.7200832000000004,0.8976257,2.5802625,24.776136400000002,4.4754846,0.46572410000000003,1.1579354,1.1499827,10.0783714,1.4580238,5.6209388,2.6624789,0.5775794,0.9130993000000001,1.1587949,1.7008298000000002,1.6636547000000002,0.9418057000000001,1.5496965999999999,0.9090908999999999,0.1899819,0.49346399999999996,0.8279036,0.5963879,0.5137394,0.11293550000000001,0.5826791,0.656304,0.5973936,0.375428,0.7722806,1.0116695,0.5234657,0.7059546,0.7337414,0.5629234000000001,0.48099479999999994,2.3314114,1.1776966999999998,2.5818172,3.2554106999999997,1.3137025,1.3511762999999999,2.0297115,0.0,1.2408719000000001,1.209696,5.10358,2.0031537,0.6948489999999999,0.9223883,0.8430114000000001,3.0612245,1.0007811,1.3859596,2.0002410000000004,1.2988604000000001,0.5477677000000001,1.3950202999999999,2.5571591000000002,1.3145966,2.6933279,0.6722853,2.2121310000000003,0.5595266,0.44035890000000005
genus_Parasutterella,0.00265,0.0369979,0.0,0.006719999999999999,0.0,0.0108755,0.014056800000000001,0.0,1.0222726999999998,2.2527206,2.287181,4.1768396,0.0,0.0,0.0199651,0.6965504,0.5069339,2.8151859000000004,1.0163354,0.0,1.7828005,0.0,0.0,0.0,0.0,0.0,0.0,0.0,0.0,0.0,0.0,0.0438706,0.9965525,1.4479516,1.5625,0.6549159,1.1314894,0.8477903,0.6356983,0.00229,1.2980445,0.0450653,0.2056866,0.3334188,0.4343354,0.0209118,0.16144219999999998,0.21964609999999998,0.1210938,1.0275414999999999,1.9032444,0.0,0.0,1.196492,3.0462688,1.2209663000000002,0.3903082,0.44515199999999994,1.7014037,1.1623005,1.2835952,1.2629242,0.0,0.2141328,8.272396899999999,16.037805,1.7415698,0.3542921,3.4525430000000004,0.0,0.0,0.0,0.0,0.0,0.0,0.0,0.9280098999999999,0.0,4.4419038,1.8841055999999998,0.0,0.0,0.0,0.8488627000000001,0.7967948,0.00703,0.0,1.4991896,1.0709397,0.1135847,0.00489,0.5440137,0.727417,0.7828595,0.8775755999999999,0.48302459999999997,0.9583543999999999,0.0860689,0.205045,0.0814877,0.0,0.0,0.0105971,0.0631263,0.07626100000000001,0.1678465,0.23289510000000002,0.0186127,2.3598201999999997,0.152599,0.2810304,1.8399138,3.0541103,1.1036769,2.5209460999999997,1.5342497,0.9799031,0.1529243,0.0,0.0,0.0,0.0,0.0,2.0874607,1.8311893,1.2672291,0.255734,0.28026599999999996,5.7882428,0.24417190000000003,0.0102856,0.369697,0.5143413,1.7793172,0.8795130999999999,1.6756809000000001,0.0,0.0,0.0,0.0,0.0,1.9266471,0.5930012,1.4210426999999999,0.28880870000000003,2.2590546,1.1310354999999999,1.7841809,8.0068043,0.1838389,1.5476811,1.1890672,0.4693292,0.362044,0.41873520000000003,2.6515806,0.0,0.3459068,0.2713767,1.372687,0.4204871,0.2454856,0.0271291,0.017828,0.0116841,0.0,0.0753239,0.0602482,0.0367602,1.1662151,0.0141268,0.012308800000000002,0.0259034,4.4149153,1.6904565,1.889934,0.1552613,2.3614246
genus_Phascolarctobacterium,1.3481238,3.6522199,0.6548431,1.472071,0.0,0.0,0.5903852,0.24279879999999998,0.651884,0.4921328,0.9237007,0.2929798,0.00244,0.0,0.0,0.0,0.00291,0.0,0.0,0.2016001,0.0241736,0.9509955999999999,0.23294370000000003,0.8596299999999999,1.1667589,0.837481,0.7516529,0.28599379999999996,0.6511299,0.6022135,0.8833101,0.4199047,0.4309416,0.6554735,0.2646169,0.49320830000000004,0.7469309000000001,0.2943716,0.6760109000000001,0.1417175,2.8489548,1.3169095,2.7586207000000003,0.9717591,0.3086067,1.5474697000000002,0.8565407,0.46369740000000004,1.3828125,1.162301,2.7685566,0.0049299999999999995,0.0,0.0,0.00958,0.5532503,0.44099760000000005,1.1408862,0.2410322,1.0117435,0.6168307,0.6175838,0.3294842,0.11930249999999999,6.0024225,1.0037365,1.2857226,0.9860417,1.2003465,0.00475,0.00109,0.0,0.0,0.0,0.0430829,0.7204611,0.8062278,0.8623253000000001,0.0,0.0,1.0759614000000002,1.5971294,2.2102321000000003,1.2533988,1.9154587,2.5806905,2.3003024,0.0270124,0.00805,0.0113585,0.0146785,0.00857,0.0,0.0,0.0,0.0,0.00779,8.5488391,5.938929,3.6058321999999996,0.0,0.5017442000000001,0.0,0.0,0.00545,0.0,0.8280716,0.0,8.9966688,1.8502623,1.6728003000000002,0.6897227,0.6347555,0.6536799,0.0,0.0,0.0,0.8202305,1.0947753,1.3370281,0.0,0.0,0.0,0.0,0.0,0.0034700000000000004,0.0,0.0,0.0,0.0,0.0,1.0424242000000001,0.5421436,1.6962824,1.9547126000000001,1.262797,0.2405804,0.0,0.9016192,0.810922,0.5258909,4.3153595000000005,2.7029821999999997,3.1620553000000005,2.7030686000000004,3.4376918,2.7595834,5.8963839,7.4260909999999996,1.174062,3.1787389,0.2945143,0.3766591,0.48962140000000004,0.317289,1.7101399,4.2253521,1.8503267,0.8049308,1.6190668,0.6424108000000001,0.7031705,0.020346799999999998,0.0789527,0.0584203,0.1464558,0.3012956,0.6627303999999999,0.0980272,0.9306161000000001,0.5721349,1.9294089,0.7188188,1.6272189,2.1678764999999998,3.0100550999999998,1.7547457,2.0146419
genus_Prevotella,0.0053100000000000005,0.0052899999999999996,0.00227,0.0,0.0,0.0,0.0,0.0,0.0,0.013862900000000001,0.00163,0.0,1.1484724,0.0712194,0.19465929999999998,0.421721,3.0182962,0.2849658,3.0298043,0.0,1.8915815999999999,0.039670699999999996,0.0021,0.00816,0.00461,0.0,0.005030000000000001,0.0,0.00589,0.0,0.00581,0.0,0.0,0.0,0.0,0.00809,0.0073999999999999995,0.0,0.0,0.00686,0.0,0.0,0.0,0.00855,0.0,0.0209118,0.022422499999999998,0.0,0.0,0.0,0.00885,0.0,0.00536,0.0,0.0,0.00954,0.0,0.00295,0.00709,0.0,0.0,0.0,0.0,0.0,0.0,0.0,0.0,0.0,0.0,0.00475,0.00218,0.0,0.0,0.00141,0.00227,0.0,0.0030800000000000003,0.00297,0.0,0.0219082,0.0,0.021107400000000002,0.0910096,0.013263500000000001,0.00675,0.0,0.0114824,0.0,38.3042113,11.0177192,77.91369019999999,0.0942386,0.019838599999999998,0.013734399999999999,0.0025700000000000002,0.0034700000000000004,0.0,2.9583667,8.1988494,31.759843999999998,0.0,0.0812348,36.2237058,56.995186600000004,32.4163852,24.8193826,1.6923713999999999,21.5597469,0.034943,0.0,0.0,0.0,0.0,0.00592,0.06673090000000001,0.0,0.00356,0.0027800000000000004,0.0,0.0,2.5518494,36.682763699999995,5.707275,59.091568,80.0932003,74.4800889,27.4434588,0.0164862,61.087488,54.415441,71.6288957,0.0,0.0,0.0213518,0.0236544,0.0,0.00376,0.0029,0.0,0.0,0.0,0.0,0.0069,0.037643499999999996,0.0,0.0,0.0143169,0.00954,0.005869999999999999,0.00209,0.0,0.0275247,0.00299,0.00345,0.0,0.00864,25.352112700000003,0.0109812,0.0,0.0100563,0.0116802,0.0,2.0098116999999998,3.4153423000000003,13.2575167,20.1279047,37.1648087,21.8339559,4.0436221,0.01178,5.2657602,0.5815921,1.4959202,0.0,0.0,0.010812,0.0263651,0.0
genus_Roseburia,1.8894963,0.4915433,0.06366530000000001,0.1344357,5.470795,18.0478521,1.602474,0.0,4.5483728,3.9439939,0.9138915,1.1043083,1.8434078999999999,1.8200522000000001,3.8532568000000005,1.8148218,7.1524298,3.1828836999999996,6.819459899999999,2.0329775000000003,2.5442678,0.6666887,3.0408596,2.8427639,0.0968456,2.6882842,0.726514,0.16557539999999998,0.6982705,2.6245117,0.8426313,0.8523439,6.7173023,1.0879785,1.3986895,1.4957956,1.4199083,4.6706962999999995,0.666708,0.5257263,0.6490222999999999,0.2603775,1.6333938,2.6502522,0.18287799999999999,0.8364701,0.9955603000000001,6.9249542,2.3007812999999997,3.1836941,1.8789005,3.0576515,3.7739895000000003,1.6997285,0.2682249,3.5627415000000004,2.3038321,2.3967454,0.5316886,1.6260163,1.8064327000000002,1.0998543,0.6004619,0.00306,0.0,0.0,0.0,0.49515519999999996,0.0,12.859584199999999,2.7517526,2.8674451,2.0398886000000003,1.6004616999999999,0.911544,0.4034582,1.5954987,2.9051442,1.9859417000000001,0.0730273,4.356885800000001,4.995426699999999,15.237599900000001,3.7535646,5.4200054,8.452288900000001,1.8984193,3.3225284,0.3784524,0.9313948000000001,0.45503469999999996,4.2792889,2.9427324,2.987227,2.5916707,3.0232477,2.4893841,0.20816649999999998,0.21684609999999999,0.11350080000000001,7.169811299999999,0.006370000000000001,2.3313729,0.7732976,0.9205796,1.5835948,2.7067590999999998,0.6266286,1.2486314,2.1936099000000002,3.4593510000000003,0.37327319999999997,0.7440166,0.5968382,0.16312,0.1368847,0.9086373999999999,0.13624170000000002,0.0,0.0,0.6451305,1.6623328,2.1856682,1.0195699,0.7219743,1.5362983000000001,1.0069527999999999,0.2665274,0.49431270000000005,0.3662578,0.740563,1.6424241999999998,4.7588156,3.9975327,0.7354364,1.0261734999999998,1.2918666,1.4768482,2.220314,0.3569372,3.6235728000000003,0.7137258,0.42061709999999997,1.7363072,2.7617329,5.672191499999999,2.9242278,4.2744013,2.3052557,1.9908915999999999,1.0265763,0.4238804,0.9565944999999999,0.1413696,0.3302396,0.9155295000000001,1.4084507,3.7226157000000004,0.5335541,1.0810539,0.4555277,0.5242573,0.7189203,0.6341687,0.8801994000000001,0.45401290000000005,0.677915,0.2530425,0.4533758,0.3592885,0.4132085,0.1815552,0.45330919999999997,0.00255,0.00487,0.0129744,0.0,0.0165135
genus_Ruminococcus,0.0,0.0,0.00227,0.0,0.0,0.0108755,2.8394715,0.0,0.0,0.7624593,0.4495888,0.7775232,0.5852088,4.2256865,1.8916895,1.686884,1.1974129,2.6520200000000003,1.9654637999999998,1.2180888,2.1877077000000003,0.9774428,0.6211831999999999,1.031012,0.1936912,1.8209996,2.4636115,0.3236246,1.9622286,1.3020833,0.9239887999999999,3.6851341000000004,0.0,0.6071189,0.4032258,0.30724450000000003,0.8504659,1.1696365,1.2248822,2.2080505,0.8007416999999999,8.1367984,0.4355717,4.2347041,5.0634358,7.0054371,0.9327772999999999,4.1244661,2.5664063,1.8782111000000001,1.3964502,0.4241259,0.6808191,0.9104196999999999,0.7280390999999999,1.0206515,1.3534063,3.1396479999999998,0.47497520000000004,0.3854261,1.2072257,0.9818888,2.1555042,0.0,0.0,0.3809803,0.5902636,2.3818671,0.0,0.00475,0.0,0.1459478,0.522757,1.2626334,3.1904038000000003,1.3928915,0.32372439999999997,1.7573595000000002,0.0,0.00365,3.5385489999999997,0.5417575,1.4626536,0.2652696,0.5694607,3.0026018000000003,0.7233896,1.2155592,0.0,0.0,0.00489,1.6020561,1.7987039,1.4146408,0.0,0.0034700000000000004,0.0,3.8050439999999996,6.8800708,0.45982360000000005,0.0,0.00319,2.2280507000000003,0.8522055000000001,0.3213858,0.5473254000000001,0.8021944,1.2160317999999999,0.3447714,0.0,0.1940448,0.2899971,0.2029136,0.5293386,0.0148291,0.0,0.0,0.1723874,0.0,0.00693,1.5435344,0.027860299999999998,0.0,1.3143271,0.1378315,0.1597056,0.5274515,1.3463758,0.1966621,0.151154,0.0,0.7515151999999999,0.6116491,1.0581006,0.9891835,2.484547,0.0,14.6700258,3.4378067,2.0149683,1.7875678,0.0,0.0,0.0,0.0,0.0,0.6371023,1.0495182,0.1935711,1.0027576,0.9953101000000001,0.6550879,1.2704771,0.9413144,1.2605223,0.1727414,1.4084507,0.7851535,2.2216089,0.9251809999999999,0.4204871,0.5700258,3.3707864999999995,2.8066422,4.887833,3.3440734,1.0545345,1.3736595,4.5950251,0.0,0.0,0.0,14.3439969,0.015302999999999999,0.029229800000000004,0.748189,1.8689946,0.0
genus_Streptococcus,0.374184,0.6976744,0.8890405,0.10754860000000001,0.0186972,0.0543774,0.021085200000000002,0.1103631,0.00494,0.00693,0.014713799999999999,0.011268499999999999,0.2072615,0.34027060000000003,0.11479909999999999,0.00474,0.00874,0.0183849,0.048005,0.0360758,0.0362603,2.2061335,0.06505630000000001,0.0353645,0.00461,0.0387447,0.0251389,0.022578499999999998,0.00295,0.0244141,0.0523013,0.9526197000000001,0.00539,0.0188046,0.012600799999999999,0.0,0.014790699999999999,0.0,0.33800549999999996,7.136163099999999,0.1685772,1.1116118,2.7465215,0.170984,0.0800091,0.083647,0.026907,0.024405100000000002,0.03125,0.0,0.00664,0.0,0.026803900000000002,0.029233699999999998,0.0,0.0,0.00507,0.008839999999999999,0.0,0.00602,0.005869999999999999,0.006940000000000001,0.027713599999999998,0.0122362,0.13906960000000002,0.1465309,1.4084507,0.8707901,0.0,0.014240999999999998,0.046954499999999996,0.0600962,0.00568,0.00704,0.0113376,0.0,0.0015400000000000001,0.0743384,0.11432930000000001,0.00365,0.026520200000000004,0.00704,0.0065,0.0,0.013505,0.00703,0.0114824,0.0,0.00805,0.0,0.0,1.9618762,0.0,0.0,0.0025700000000000002,0.010425,0.0194787,0.006,0.036878600000000004,0.00582,0.1761006,0.0175212,0.0158957,0.0157816,0.1960998,0.1240604,0.00518,0.1054721,0.018636299999999998,0.00954,0.0133824,0.0117566,0.0104058,0.016578799999999998,0.0,0.0,0.00713,0.0931448,0.00351,0.2216834,0.6069005,0.0557207,1.0860181,0.09180959999999999,0.026253600000000002,0.2256709,0.0639335,0.0906743,0.2551292,0.0639498,0.0857133,0.0121212,0.0278022,0.061682999999999995,0.0365568,0.019316200000000002,0.2017367,0.15058059999999998,0.0153337,0.0180936,0.055356899999999994,0.0,0.0,0.117636,0.00451,0.0,0.0250546,0.0381643,0.0,0.00836,0.0208442,0.013762400000000001,0.14348919999999998,0.0172402,0.00216,0.0,0.0,0.0,0.0092,0.005030000000000001,0.0233604,0.0124823,0.042954400000000004,0.0993276,0.14410340000000002,0.0976372,0.0,0.0120496,0.0367602,0.01178,0.0141268,0.012308800000000002,0.0129517,0.0382575,0.08281780000000001,0.0843334,0.0205062,0.0385314
genus_Veillonella,0.0159227,0.0211416,0.00227,0.013443600000000002,0.6506619,0.0543774,0.0,0.0,0.0,0.00693,0.0163487,0.0,0.1267953,0.0514363,0.0,0.0,0.0203939,0.0023,0.0123442,0.006370000000000001,0.0,0.971933,0.012591600000000001,0.00272,0.0,0.0178822,0.00251,0.0,0.00295,0.00814,0.00581,0.0,0.0,0.0,0.0,0.00809,0.0,0.0,0.0,0.0,0.0,0.0,0.0,0.0,0.0,0.0,0.0134535,0.0,0.0,0.0,0.0,0.0,0.016082299999999997,0.00835,0.00958,0.0,0.0,0.0235842,0.0,0.0180668,0.005869999999999999,0.0,0.0,0.00306,0.0358889,0.0439593,0.1402607,0.2603833,0.0,0.0,0.00109,0.0686813,0.0,0.00141,0.00227,0.0,0.0138739,0.0327089,0.0127033,0.0,0.0340974,0.00704,0.0,0.0,0.0247592,0.00703,0.00383,0.0,0.0,0.0,0.0,18.2437353,0.0066099999999999996,0.0,0.0077,0.024325,0.00779,0.002,0.0,0.0,0.0314465,0.00478,0.0,0.0,0.00545,0.1678465,0.0,0.0310212,0.0,0.00954,0.00669,0.0195944,0.0,0.00237,0.022243600000000002,0.0,0.00713,0.0305849,0.0315801,0.013855200000000002,0.0,0.00464,0.018175999999999998,0.014496299999999998,0.00656,0.0034700000000000004,0.0,0.0,0.0478367,0.00581,0.00686,0.0,0.0185348,0.026096700000000004,0.010752,0.00483,0.0,0.0,0.0184004,0.0,0.057663500000000006,0.0,0.0,0.0,0.0,0.0,0.0035800000000000003,0.0,0.005869999999999999,0.00418,0.00521,0.0,0.0,0.0,0.0,0.0,0.0,0.0,0.0046,0.0,0.0,0.0020800000000000003,0.00452,0.00764,0.00779,0.00976,0.0,0.0120496,0.0490136,0.0647897,0.09535579999999999,0.40619130000000003,0.0,0.010202000000000001,0.0,0.00432,0.0,0.0055000000000000005
genus_unclassified_Bacteria,0.013268899999999998,0.0,0.00227,0.0,0.0074800000000000005,0.00544,3.8937307,0.0,0.0,0.665419,1.6250593,0.2591744,9.0390383,2.7696446999999997,2.6803095,1.3172858,0.49819369999999996,1.6385530999999998,2.4043671,2.4892303,3.6381217,0.3878916,2.4070848,2.1708379,1.3835086,0.8404613999999999,1.5007919,0.9181906999999999,1.3199375,1.1515298999999999,1.7549977,6.4051141000000005,6.7550097000000004,14.5762257,17.3261089,4.9563388999999995,6.9812158,8.422953099999999,0.4651451,3.4126494,0.6321645,1.5322217,2.1052632,0.5357499,1.7830609000000002,1.9447929999999998,1.1973631,0.3721782,2.3398438,0.732755,0.3275351,2.2241949,1.7476144999999998,1.7623720999999999,1.4369192,0.27662519999999996,0.8287713,2.3613691,5.6217213,0.9876543,3.1487737,2.1892998,0.0061600000000000005,0.055062700000000006,0.00449,0.0,0.0,0.0,0.0,0.014240999999999998,0.0,0.0,0.0,1.0754202,2.9591165999999998,1.17195,0.5934947,1.2191496,4.810298100000001,0.923796,2.3565069000000003,0.7246887,6.8517194,0.8289674,1.4405329999999998,4.113634800000001,2.7213228,5.8076715,1.2802963,5.3271239999999995,0.36207069999999997,3.6410366,1.7987039,2.9528911,2.9611763,0.8061993999999999,0.9427714,5.642514,8.0749373,0.9574809,0.0,0.0,1.7432310999999998,2.043715,1.8520536,3.9480406,2.9603561000000003,2.1218513000000003,3.8786778,2.6609442,1.5724322999999998,1.1305966,0.541103,0.6051276,0.022243600000000002,0.08555299999999999,0.7589795,1.0148614999999999,0.0105267,0.00693,1.1182261,1.2676448999999999,0.7452174,0.2029476,0.1115778,0.0815887,1.0868697,3.3631917,0.0637823,0.3081216,0.102856,0.7939394000000001,0.9545433000000001,0.908638,0.2817023,0.3187174,0.1841944,5.7828744,0.8188175000000001,0.6595937,0.18682970000000002,0.523949,1.0101707,1.9245248,2.3962094,1.4548803000000001,1.5855972,8.6442133,3.1264664,5.0137879000000005,1.8603439,2.5763122,3.5692933000000004,3.1894352,2.633283,2.9279667999999996,1.4084507,0.8949651,5.4321328,2.6749799000000003,4.736319600000001,1.7953732,4.1643117,4.6862266,1.1333541,5.4432728,0.6628503,4.133028100000001,5.048400900000001,0.0,0.0317853,0.009229999999999999,5.4526616,0.066313,0.1071759,0.0302735,0.13182560000000001,0.055044899999999994
genus_unclassified_Clostridiales,0.00796,0.0052899999999999996,0.0,0.0,0.0037400000000000003,0.0108755,0.056227200000000005,0.0275908,0.2222332,0.00693,0.783102,0.011268499999999999,3.9111458000000003,0.6330616,1.6870477,1.8574678,0.22724619999999998,1.1007951,1.1534927000000001,0.7512255,0.9790293999999999,0.3845857,0.2119578,0.5603917,0.1798561,0.2712127,0.1256945,0.1354708,0.2533809,0.1424154,0.162715,4.5437453,5.5375997,9.9583613,8.8079637,34.5164942,2.4552581,2.1469503000000003,0.4403374,0.0891449,0.8766015,1.1216264,0.2903811,1.4191673,0.1485884,3.1576746000000004,4.0450244,1.7205613000000002,4.28125,1.3812853,0.5444163999999999,0.16767769999999999,0.15010189999999998,0.0751723,0.34486059999999996,0.8632613000000001,0.0025299999999999997,0.008839999999999999,0.0,0.1626016,0.1174916,0.0173479,0.12009239999999999,0.00612,0.0179445,0.0366327,0.29220969999999996,0.0512229,0.0371241,0.014240999999999998,0.7261569,0.1717033,0.3011535,0.1914361,0.3469309,0.4995197,0.1402806,0.36277129999999996,0.004229999999999999,0.0,0.8031824,0.1407162,0.2730287,0.33158699999999997,0.1170433,0.3586246,0.1224787,0.378174,0.13688699999999998,0.06815080000000001,0.0,0.6039837,0.8199974000000001,0.5493751,0.3387134,0.0694999,0.14414269999999998,1.8654924,0.287653,0.1105905,0.012578599999999999,0.058935,1.5577809999999999,1.6886294,2.8271053,4.2983288,0.5796501,0.6638541,0.0465907,16.127801599999998,9.401137499999999,0.6035073999999999,0.301769,0.14210430000000002,0.0,0.0228141,0.010689899999999999,0.0347555,0.0385978,0.27710429999999997,0.7693778,0.11144130000000001,0.6043532,0.0241604,0.00656,0.0225671,0.231759,0.5632797,0.00532,0.0523225,0.058285,0.15151520000000002,0.1807145,0.2752011,0.296755,0.25111069999999996,0.1365795,0.023166199999999998,0.2760059,0.1200757,0.1476185,0.1113907,0.027581500000000002,0.047054399999999996,0.12184120000000001,0.0613874,0.1252729,0.5247591,0.058657900000000006,0.8398095,0.0364773,5.1058325,7.63482,2.4308668,0.423052,1.105545,0.0,1.3781365,2.5803781000000003,1.0156879,6.2547451,3.3827077999999995,1.433319,2.9314384999999996,0.736096,0.0781097,0.0753239,0.0843475,0.2328146,0.09423959999999999,0.0,0.0030800000000000003,0.7058671,0.3902265,0.3166561,1.0768731999999999,3.8903211,0.3467826
genus_unclassified_Coriobacteriaceae,0.0,0.0,0.0,0.0,0.0,0.0,0.028113600000000002,0.1986536,0.10864729999999999,0.1178346,0.024523,0.0525861,0.0950964,0.3046609,0.1397554,0.0189538,0.034961,0.041366,0.1344141,0.0212211,0.0906509,0.3008364,0.1615916,0.22034820000000002,0.0276702,0.0119214,0.015083300000000001,0.0,0.008839999999999999,0.0203451,0.0523013,0.5139133,0.07541479999999999,0.1047683,0.27721769999999996,0.1131953,0.0887443,0.0392495,0.058918399999999996,0.1005737,0.1348618,0.20029039999999998,0.0,0.1652845,0.22859759999999998,0.1463823,0.2331943,0.061012800000000006,0.1210938,0.058957300000000004,0.09516219999999999,0.049317,0.026803900000000002,0.0104406,0.0670562,0.1096962,0.007600000000000001,0.0176882,0.0567135,0.00602,0.0293729,0.048574,0.0061600000000000005,0.0,0.2153335,0.051285800000000006,0.005840000000000001,0.0426858,0.0804356,0.0,0.0,0.0,0.0,0.0,0.0430829,0.0,0.0,0.0683913,0.0,0.0073,0.00379,0.014071600000000002,0.0,0.00663,0.009000000000000001,0.0,0.0076500000000000005,0.0,0.0322087,0.022716899999999998,0.0,0.1285072,0.019838599999999998,0.0412031,0.010264,0.0278,0.0116872,0.0560448,0.18144269999999998,0.0203719,0.0031399999999999996,0.0,0.0582843,0.1578158,0.1361804,0.21893020000000002,0.0207018,0.4777268,0.0139772,0.0762995,0.0535296,0.055844,0.0416233,0.0213156,0.21502190000000002,0.0057,0.0320696,0.0264142,0.0,0.0415656,0.22937970000000002,0.05107729999999999,0.0272641,0.0241604,0.0,0.00174,0.015983400000000002,0.0769358,0.0,0.0,0.0,0.054545500000000004,0.0139011,0.014234499999999999,0.027955200000000003,0.00483,0.0137833,0.21718359999999998,0.0245339,0.00822,0.009229999999999999,0.1361442,0.031029099999999997,0.192923,0.4061372,0.5893186,0.0680053,0.5724645,0.0821211,0.0313362,0.1042209,0.0220198,0.035872299999999996,0.041376500000000004,0.015109,0.0604595,0.0,0.0274529,0.0505956,0.0351971,0.0233604,0.0249646,0.2283363,0.27251430000000004,0.00389,0.0292912,0.0150648,0.0,0.0122534,0.01178,0.0,0.0,0.09713770000000001,0.8952254999999999,0.993813,0.1189318,0.0205062,0.1321077
genus_unclassified_Erysipelotrichaceae,0.00265,0.0158562,0.0,0.0,0.014957699999999999,0.0380642,1.0753443999999999,0.0110363,0.1284014,0.055451600000000004,0.1896447,0.548398,0.2974812,1.9901875,1.6121786999999999,0.5259666,0.7924484,0.3699959,0.8901507,0.23555379999999998,0.6768599,0.2997344,0.47847890000000004,0.2693145,0.2997602,0.4768575,0.10558329999999999,0.0,0.035355500000000005,0.2766927,0.10460249999999999,0.00627,0.31781940000000003,0.2955003,0.6804435,0.0404269,0.5176748999999999,0.07457409999999999,0.16125029999999999,0.2171478,0.4888739,0.9463722000000001,0.0967937,2.8867800999999997,1.3030061000000002,0.7946465999999999,3.4306471,0.3721782,2.7929688,2.0719279,1.4805471000000001,0.3057652,0.1608234,0.7287534,1.0633202,0.0,0.44099760000000005,0.43335989999999996,0.1134269,0.1746462,0.2349831,0.24633960000000002,1.1331794,0.009179999999999999,0.0134583,0.007330000000000001,0.035065200000000005,0.00427,0.043311499999999996,0.0569638,0.00328,0.0,0.0,0.3293826,1.4126664,0.0576369,0.0200401,0.2230152,0.0,0.0,0.0,0.028143200000000004,0.0065,0.0,0.0045000000000000005,0.0,0.1263061,0.4592112,0.20935659999999998,1.1472058,0.127214,0.0,0.0,0.013734399999999999,0.0,0.0034700000000000004,0.0039,0.1901521,0.2655259,0.0407439,4.4339623,0.157691,0.21724159999999998,0.0946895,0.3213858,0.2627162,0.2587724,0.1302891,0.0396021,0.5340963,0.1873536,0.0754384,0.1768991,0.1030256,0.0,0.051331800000000004,0.028506300000000002,0.1473634,0.1824625,0.2978871,0.578228,0.2460996,0.8724497,0.1014738,0.052507200000000004,0.22393500000000002,0.1438504,0.3846788,0.0797279,0.0348817,0.43199509999999997,0.2,0.4355683,0.1518351,0.086016,0.1038246,0.0814465,5.0415545,0.5336114000000001,0.1463936,0.2283474,0.47444200000000003,0.0827444,1.2375306000000001,2.3691336,0.8103130999999999,0.5404632,2.5951722,0.6276396,0.0,0.3960396,0.9220775999999999,0.7891904999999999,2.082615,2.1972804,0.1727414,0.0,0.5874925,0.7313371,1.9861223000000001,0.5197687000000001,0.9403345000000001,1.3722786,0.8175428,1.9707119,0.9666081,0.5875264,0.7591276,1.0782992,0.25326889999999996,0.19071159999999998,0.3815737,1.5347753,0.8697204999999999,6.4110683,1.9093955999999999,1.8016171,0.9137447
genus_unclassified_Firmicutes,0.15391960000000002,0.0739958,0.00455,0.0268871,0.7815420999999999,0.0,0.2881642,0.17106280000000001,0.1382784,0.1316975,0.2811974,0.1540022,0.10241149999999999,0.19783180000000003,0.24956330000000002,0.2653525,0.11362309999999999,0.0482603,0.14264359999999998,0.1273264,0.37469030000000003,0.059506100000000006,0.5519297000000001,0.2856366,0.0415053,0.09537150000000001,0.07038889999999999,0.2032061,0.050086900000000004,0.0325521,0.029056299999999997,0.19428430000000002,0.32859299999999997,1.4184016000000002,2.5705644999999997,0.1212807,1.3903269,0.5141691,0.1550484,0.1005737,0.025286599999999996,0.050072599999999995,0.0241984,1.5417059,0.034289599999999996,0.167294,1.3363828,0.20134229999999997,0.9570313,0.3200539,0.09737530000000001,0.0443853,0.10721560000000001,0.0793485,0.1053741,0.2337006,0.20529200000000003,0.333127,0.014178399999999999,0.0120446,0.0352475,0.0312261,0.29253270000000003,0.009179999999999999,0.0,0.0952451,0.3038981,0.0426858,0.018562099999999998,0.659831,0.013103600000000002,0.0,0.0170464,0.07601139999999999,0.6303712,0.038424599999999996,0.00925,0.1100208,0.16937670000000002,0.0803301,0.1250237,0.0773939,0.35103690000000004,0.2586378,0.3376249,0.028127399999999997,0.045929500000000005,0.08103729999999999,0.0161044,0.0,0.00979,0.11994,0.09919320000000001,0.0480703,0.0256601,0.0139,0.1051852,0.1281025,0.030978000000000002,0.1455138,0.0,0.0445995,0.0794786,0.11836189999999999,0.2832553,0.3429906,0.37263219999999997,0.28539519999999996,0.1514199,0.1335241,0.7962528999999999,0.042128,0.0260146,0.0426313,0.0,0.0,0.010689899999999999,0.1334612,0.0245623,0.0,0.1051324,0.00929,0.2862725,0.00483,0.0,0.00521,0.031966800000000004,0.046711,0.0,0.0,0.0,0.0484848,0.0695056,0.2064008,0.49244129999999997,0.3404481,0.050120899999999996,0.3445979,0.055201200000000006,0.0345423,0.1430054,0.0825117,0.0930874,0.061170699999999995,0.0812274,0.1964395,0.2326497,0.3721019,0.1525106,0.2172641,1.54247,0.2945143,0.2780103,0.21722640000000001,0.1446147,0.14683020000000002,0.0,0.0878493,0.22538060000000001,0.1860418,0.49056819999999995,0.19971709999999998,1.8108651999999998,1.332009,1.4527185,0.2001562,0.406749,0.10844680000000001,0.673937,0.023559899999999998,0.0176585,0.009229999999999999,0.0712343,0.00255,0.0243582,0.103795,0.00293,0.0385314
genus_unclassified_Lachnospiraceae,1.8470357,4.2019027,0.7935424999999999,0.4772468,5.4334006,16.5198477,4.2802923999999996,3.7523451999999997,2.5433355,5.6976502,3.4087008,4.5224054,2.7431665,2.3146316000000002,5.7249813,3.3453374,2.9396341,4.1365997000000005,6.1309303,4.7280521,8.6360065,4.0133558,8.3628885,17.4673558,2.8408043000000003,4.5957142,3.6049171999999996,2.4836305999999997,6.9296721,4.7810872,3.1671316,8.6550514,9.6046111,7.6964406,5.7207661,6.4036223,3.8973525,11.680665699999999,3.5506078000000003,10.093945,6.6082266,3.9156777,1.8632789,7.3010174,3.9318779,8.0301129,7.7223194,13.770591800000002,8.109375,7.167523000000001,7.2323286,2.9984712,8.8881741,4.8736688,3.2570170000000003,3.6008966000000004,2.9171736,8.3193302,3.6721961999999997,1.8608853,2.5877515,3.1573103999999996,7.183987699999999,1.3582135,8.465299900000002,2.0660854,2.2558588,5.3784095,2.0727633,14.5067882,6.1248335,2.7730082,3.1990454,2.7181104,3.7572844,4.2074928,1.7511947,6.580434100000001,5.8180894,4.5788148,6.686872500000001,14.4163794,12.266788,10.2195106,8.1277573,2.0181422,1.5769128000000001,5.1863857,1.9808358000000001,3.1576556,0.9149623000000001,5.3458985,8.4380373,4.4362038,3.9644864,3.2664975999999997,4.515173900000001,6.3650921,4.1613807000000005,4.0336428,9.3962264,0.7677482,7.4842367,3.4403851,4.2324872,7.750127699999999,7.944312200000001,5.9622782,2.4087404,8.6218407,9.3208431,4.2980308,5.2705515,5.125229399999999,3.2846445,5.7434552,2.6867161,7.3890256,2.2316572999999997,0.5680637,5.1036987,1.8294947999999998,3.5397828,3.7980188,0.8598056999999999,1.718571,4.5312875,3.2972468,3.034974,2.4707866,0.7028491,4.3333333000000005,9.3044808,2.9133354000000002,4.1395178999999995,5.0391153,2.6752038999999996,8.0010425,7.504293400000001,2.8801711,7.5170107,2.2113123,1.0411998,5.8959157,4.8781588000000005,4.1927563,4.620781,6.7741628,5.4962459,9.1021141,3.2100052,4.871872499999999,3.6111443,5.7340873,3.8786963,2.2024529,7.042253499999999,14.2645363,7.989512899999999,3.9320193000000003,3.5215792,4.8077723,4.8334954,3.8228403,4.934569199999999,12.3803945,5.3479963999999995,4.6752621,4.7175591,5.2244081,2.832421,4.0496046,3.7754177,3.0657009,4.6670239,4.3939885,0.9784392,7.3760114
genus_unclassified_Porphyromonadaceae,0.00265,0.0052899999999999996,0.0,0.0,0.0,0.0,0.267079,0.0,0.0,0.0,0.00163,0.011268499999999999,0.0,0.0,0.00499,0.00948,0.0,0.0,0.0,0.00212,0.0,0.1300318,0.0314789,0.0136017,0.1152924,0.0,0.0251389,0.0,0.0,0.0,0.1278475,0.0,0.0,0.0188046,0.012600799999999999,0.1617076,0.0961396,0.1609231,0.0,0.0,0.0,0.0,0.0,0.0455957,0.4229055,0.0209118,0.08072109999999999,0.0366077,0.0117188,0.0421124,0.2611428,1.3019677,1.7744184,0.8081019,0.5651882,0.0,0.0,0.0,0.0,0.0,0.0,0.0,0.1077752,0.0367085,0.1211251,0.051285800000000006,0.1636374,0.0384172,0.2165574,0.0,0.0,0.0,0.0,0.0,0.0,0.0,0.0,0.0,0.0,0.0,0.0,0.0,0.0,0.0,0.0,0.0,0.0,0.5402485,0.16909570000000002,0.7269422999999999,0.1712496,0.0,0.0,0.0,0.0,0.0,0.0116872,0.0,0.0,0.0,0.0,0.0,0.0,0.0,0.00545,0.0,0.0776317,0.0,0.0,0.9251311,1.9872866999999999,0.0,0.015608700000000001,0.0,0.0,0.0,0.0,0.0,0.00351,0.0,1.0895537,0.49219909999999994,0.545281,1.3143271,1.2339197,0.5242509000000001,1.2706785,0.3022476,2.227065,0.2964944,0.5794218999999999,0.13939390000000002,0.07877300000000001,0.1874214,0.711782,0.1183118,0.41475059999999997,0.00579,0.21467119999999998,0.27304880000000004,0.5328105,0.0,0.0,0.0,0.0,0.0,0.0,0.0,0.0,0.5932982,0.0,0.1706532,0.3138826,0.1655058,0.5007555,0.0604595,1.4084507,0.0603964,0.3449703,0.1659292,0.3095252,1.1837396999999998,0.0,0.0,0.050630900000000006,0.0,0.0,0.0,0.0245068,26.204499900000002,0.0,0.0,0.10361350000000001,0.3698225,0.24845330000000002,0.2702995,0.1728381,12.131887500000001
genus_unclassified_Ruminococcaceae,0.3370309,0.3012685,0.0682128,0.282315,0.07852819999999999,0.021751,4.9128479,0.19313539999999998,0.9580719999999999,0.8941568000000001,5.9394772,1.2770912,7.4857965,2.7894279,3.7234838999999997,5.5060652,1.882065,5.384474,4.9719513,8.2847017,3.9463347000000004,3.4789029,2.1678454,4.975516900000001,3.4264896000000005,1.791196,1.8577640999999998,4.463009,2.1625762,0.793457,2.0106927,12.2023063,7.7569489,4.6635326,5.3175403,4.9563388999999995,5.4503772,4.1683021,2.5582982,0.8525909,9.0104518,3.4099444,1.8511797,9.7061925,2.8574694000000003,30.2802175,6.699852000000001,5.4728493,25.5351563,9.6858418,2.9323242,2.0663806,4.787177,1.0649405,2.3278092,1.4165117,0.1647405,1.6744789,1.3823904999999999,1.1984342000000001,1.1954766000000001,3.3654847,0.6774442,0.0581217,0.6460006,0.39563339999999997,0.6837707000000001,1.1653221,0.7424824,0.99212,0.09063310000000001,4.0865385,0.806864,2.5125982000000002,0.9364867000000001,3.7656099999999997,0.3221828,2.1439191,0.7833672,1.6540694000000002,2.9588937,4.6436361,2.0737177,4.609059,2.3363644999999997,2.6017861,1.6917365,1.9719071000000001,0.5233916,0.9995456999999999,0.3718563,0.591133,3.1543447000000002,2.6850707000000003,2.6532549999999997,1.8000486,1.4998635999999999,2.8843074,1.7834488999999998,1.443497,1.3616352,0.7311129000000001,8.5889896,11.2917226,10.7419109,15.500255399999999,4.0109719,11.0435538,2.1431733,8.1640439,16.212780199999997,3.073381,2.9084287,2.1363017,7.6295692,3.5361889,1.6676169,1.8392625999999999,0.8877503999999999,4.2327676,19.4590462,5.6927935,23.0563003,2.6914713999999997,2.185613,2.1126272000000004,7.879804999999999,11.8041435,1.280961,1.6394395999999998,0.154284,1.4727273,0.41239980000000004,1.262129,2.1654517,2.8708712000000003,0.5538361,4.0367185,3.3243376,0.9836334999999999,1.1671088,3.4819918,4.1406654000000005,6.3146998,5.0767147999999995,9.5702885,4.3988689999999995,6.1444519,1.9650398999999998,2.4630233,3.4549244,3.4543503,5.6349396,4.6100269,4.0794302,5.3895319,7.042253499999999,3.0911986,19.713904600000003,11.6301287,12.912456899999999,8.517100800000001,3.0022834,3.2981865999999997,0.6737810000000001,0.8152705,1.5064779000000001,1.1808652,0.7229506,0.9365060999999999,0.0141268,0.1077022,3.3739153,1.3798204,7.7117942,2.5386528,2.1648699000000002,3.2586558
