,ZNDMXI3-01,ZNDMXI3-02,ZNDMXI3-06,ZNDMXI3-07,ZNDMXI3-08,ZNDMXI3-09,ZM8YXDM-01,ZM8YXDM-02,ZM8YXDM-03,ZM8YXDM-06,ZM8YXDM-11,ZM8YXDM-12,ZM7JY3G-01,ZM7JY3G-04,ZM7JY3G-05,ZM7JY3G-07,ZM7JY3G-08,ZM7JY3G-09,ZM7JY3G-11,ZM7JY3G-12,ZM7JY3G-13,ZLZQMEV-01,ZLZQMEV-04,ZLZQMEV-04_2,ZLZQMEV-06,ZLZQMEV-07,ZLZQMEV-08,ZLZQMEV-09,ZLZQMEV-10,ZLZQMEV-11,ZLZQMEV-12,ZY9XQJP-01,ZY9XQJP-03,ZY9XQJP-05,ZY9XQJP-06,ZY9XQJP-07,ZY9XQJP-09,ZY9XQJP-10,ZY7IW45-04,ZY7IW45-05,ZY7IW45-07,ZY7IW45-09,ZY7IW45-2011,ZX52KVK-01,ZX52KVK-04,ZX52KVK-2011,ZX52KVK-2021,ZX52KVK-4011,ZX52KVK-6021,ZX52KVK-6031,ZX52KVK-6031_2,ZWLGEWL-01,ZWLGEWL-02,ZWLGEWL-04,ZWLGEWL-06,ZWHMV5E-01,ZWFDEY0-01,ZWFDEY0-05,ZWFDEY0-06,ZWFDEY0-07,ZWFDEY0-08,ZWFDEY0-09,ZWCZHHY-01,ZWCZHHY-04,ZWCZHHY-05,ZWCZHHY-06,ZWCZHHY-07,ZWCZHHY-09,ZWCZHHY-10,ZW61YGW-01,ZW61YGW-04,ZW61YGW-05,ZW61YGW-06,ZW61YGW-08,ZVM4N7A-01,ZVM4N7A-07,ZVM4N7A-09,ZVM4N7A-6021,ZVC4YUG-01,ZVC4YUG-04,ZYXQKWY-01,ZYXQKWY-04,ZYXQKWY-05,ZYXQKWY-06,ZYXQKWY-07,ZYXQKWY-08,ZYXQKWY-09,ZVBQY1N-01,ZVBQY1N-07,ZVBQY1N-6011,ZVBQY1N-6021,ZUPAQVU-01,ZUPAQVU-04,ZUPAQVU-07,ZUPAQVU-08,ZUPAQVU-09,ZUPAQVU-10,ZTXY83G-01,ZTXY83G-04,ZTXY83G-06,ZTUO1AO-01,ZTTL3YH-01,ZTJ7L7Z-01,ZTJ7L7Z-02,ZTJ7L7Z-03,ZTJ7L7Z-04,ZTJ7L7Z-05,ZTJ7L7Z-06,ZSOZWGV-01,ZRB0F6P-6011,ZRB0F6P-6021,ZR47VBL-02,ZR47VBL-03,ZR47VBL-04,ZQMVU4Q-01,ZQMVU4Q-03,ZQMVU4Q-04,ZPF36E2-01,ZPF36E2-03,ZPF36E2-04,ZLTUJTN-05,ZLTUJTN-06,ZLTUJTN-07,ZLTUJTN-09,ZLTUJTN-11,ZLTUJTN-12,ZLTUJTN-13,ZLTUJTN-15,ZLTUJTN-2011,ZLTUJTN-2021,ZLTUJTN-2031,ZLPZS0H-05,ZLPZS0H-06,ZLPZS0H-07,ZLPZS0H-08,ZLPZS0H-09,ZLPZS0H-10,ZLPZS0H-11,ZLPZS0H-12,ZLPZS0H-14,ZLPZS0H-15,ZL63I8R-04,ZL63I8R-05,ZL63I8R-06,ZL63I8R-07,ZL63I8R-09,ZL63I8R-11,ZL63I8R-12,ZL63I8R-13,ZL63I8R-14,ZL63I8R-15,ZKVR426-01,ZKVR426-04,ZKVR426-06,ZKVR426-07,ZKVR426-09,ZKVR426-10,ZKVR426-11,ZKVR426-13,ZKVR426-14,ZKVR426-2011,ZKVR426-2021,ZK112BX-01,ZK112BX-05,ZK112BX-06,ZK112BX-07,ZK112BX-08,ZK112BX-09,ZK112BX-10,ZK112BX-11,ZK112BX-12,ZK112BX-13,ZK112BX-14,ZJTKAE3-01,ZJTKAE3-04,ZJTKAE3-06,ZJTKAE3-6011,ZJTKAE3-6021
genus_Akkermansia,0.0,0.0,0.0,0.0,0.0,0.0,0.0,0.0,0.0,0.0415887,0.2697533,0.0,0.0146302,0.00791,0.0349389,0.00948,0.0,0.0,0.0,0.0,0.0,6.9456842000000005,0.0482676,0.1441785,0.0276702,0.0,0.0326806,0.0677354,0.0353555,0.0244141,0.00581,0.106543,0.0215471,0.5292142,0.063004,0.0161708,0.0443721,0.1609231,0.0093,0.0,0.0505731999999999,0.0550799,0.0967937,0.9660597,0.0,3.5759096999999995,3.0180726,0.3050641,0.65625,0.7748673,0.4935157,0.0098599999999999,0.0160822999999999,0.00626,0.0,0.0,0.2281022,0.0088399999999999,0.0,0.6624511,0.2614187,0.0589827,0.6466513,0.00306,0.0,0.0,0.0467536,0.1963546,0.1423091,0.00949,0.0,0.0171703,0.0,0.0,0.0,0.0,0.0,0.0,0.0,0.0,0.7956052,0.00704,0.1170122999999999,0.2984283,0.02701,4.7957246,0.2449573,0.0270124,0.0402609,0.0567924,0.00489,0.00428,0.1124189999999999,0.2815547,0.0,0.0173749999999999,0.031166,8.0244195,3.1700841,0.6519019,0.7484277,0.1178701,0.0,0.0946895,0.3159386,0.6348975,0.0724563,0.9244323,1.2882335,0.0,0.033456,0.00196,0.0,0.00118,4.0038556000000005,4.5000856,0.2244869,0.00556,0.0,0.3463803,0.0,0.0,0.0,0.1594588,0.2231556999999999,0.048606,0.1678255,0.1978348,0.0584671,0.1627812,0.0,0.0,0.0,0.0,0.0,0.0,0.0,0.0,0.0,0.0,0.00231,3.4366104,0.7722806,0.9693205,1.4034296,0.5586249,0.443824,2.1181185,4.9096668,0.0,0.1667535,1.5606507,4.0296544,1.7722915999999995,0.6302612,1.0105372,0.0,0.9169275,1.3982797,3.0370072,0.181043,2.2114504,0.3413741,2.8142828,0.062315,0.0,0.0,0.0,0.0,0.1295795,0.0,0.0,0.0,0.0127525,4.4380572,0.0951454,1.3299742,0.0880717999999999
genus_Alistipes,1.6135025,0.7928118,0.2319236,0.7797271,0.00374,0.00544,3.8656171,2.7756318,0.8494247,2.1764747,7.1525496,5.258611,2.1116286,1.6103506,2.5954579,6.534306300000001,0.6846521,2.0476169,0.8243152,2.7672262,2.0849701,3.7543941,1.8782397,4.7089227,4.7915514,2.1100945,5.6336258,9.4453225,4.8024513,3.5970052000000003,4.5618317,0.8460766999999999,3.4798535,12.5292142,6.6532258,12.4595731,5.5760982,4.1055028,5.2592409,0.1714325,1.8206339,0.9263432,0.8227464999999999,12.9064432,6.3092925,9.9749059,6.6011929,5.8816351,8.921875,11.976754,12.977470899999998,1.68664,3.5327544000000004,0.8916266,6.9642686,1.58821,0.2230333,0.221102,0.1843187,0.5721168,0.6873256,0.3677746,0.6497305999999999,0.1866014,0.8792786,0.5494908,0.6487055,0.5293038,0.2969929,0.00475,0.0305749999999999,0.4206731,0.6591284000000001,1.3583514,1.9523367,1.4889529,1.0451673,2.0695807,0.0,0.00365,7.8689146,3.1168648,1.4041474,5.8757212,5.0913838,1.1813515,2.9012133,6.1183144,1.8842097,3.4075420000000003,1.2281045000000002,0.3212679,3.637085,6.1804697,6.240537799999999,3.4228724,7.892789,4.7578062,9.3081575,4.051104400000001,0.1540881,0.00159,1.5365867,0.3550856,1.4544068,1.313581,2.3444778,0.9182281,0.6313043,0.5817835,2.4088324,2.5031841,3.2206035,1.8580141,1.5867131,2.2243769,2.3410775000000004,0.3114095,0.1473736,2.7156218,0.7980503,0.3621842,1.3859227,0.5460256,0.4660016,0.3280908,3.8999441,9.279002,0.5740406,1.3022499,0.689135,2.3090909,0.3892313,4.9915779,7.433929,7.311184099999999,2.8581453,0.0723945,4.0235525,3.9164405,4.9406066,9.4970915,10.2120324,7.3216638,10.631769,13.9165132,9.9824618,3.3775403,8.7869545,2.0159606,17.0453361,3.1570835,4.4631113,3.4342459,3.993093,3.7743997,1.4084507,0.8455499,6.430247,10.5490748,4.4851954,2.8522094,0.601361,1.3574776,6.1730799,0.7908612,2.9376318,3.6630919,4.6685455000000005,1.1426552,0.1765848,0.0523125,5.6987437000000005,1.3492144,0.8817655000000001,2.8284139,2.369932,0.8807178000000001
genus_Bacteroides,53.2561966,63.1976744,86.796271,89.1510385,68.6223917,0.021751,41.3129041,58.6745392,37.8537212,28.9942469,40.948550700000006,49.239379500000005,48.0651533,44.6545857,32.1138008,45.2141774,54.7372101,36.5813301,30.376222400000003,48.7617512,26.30084,47.8803707,29.1179618,30.571273100000003,52.32429440000001,55.9771108,62.1031197,60.8489501,63.02701750000001,60.6241862,60.437006,3.9170218,23.383969,21.8347884,7.232862900000001,9.9045925,38.6259429,33.8645106,52.3133218,2.5280578,29.6948753,13.1590807,40.7864489,17.5714571,48.6112699,2.8230866,18.6959056,6.3026236,14.0976563,20.003369,31.1578808,45.9683385,44.0763375,57.3647943,49.5162372,53.288501,59.0607259,50.823973300000006,38.9550546,74.5919904,65.8246439,65.3597946,55.6612779,86.17314160000001,26.9032345,50.0036633,65.6361405,65.2665728,65.177577,18.7933162,63.51634670000001,55.9495192,63.696801,54.716928,54.2890184,58.3381364,75.0824726,47.5438596,51.7911585,73.4034396,34.6580792,46.9499754,42.0724176,26.8718085,39.787971500000005,50.8895296,65.9547594,31.5505132,34.2700701,35.4952294,9.9716215,0.6211180000000001,35.835207000000004,39.9807719,47.581535,69.6493728,58.6154505,18.540832700000003,6.843192200000001,19.420273,19.9025157,88.8469441,15.9487098,5.7839501,20.4107201,7.8814858,20.3188076,23.117012,49.8776994,2.9184549,18.668451,48.7508573,63.1529657,57.1425188,50.7896493,39.188958,71.9712087,35.1281089,79.8168357,66.5881538,11.6744719,5.0009287,15.8495024,7.7748248,5.9070622,6.5687602,11.7877407,33.8709677,11.3426172,8.6797279,6.7302088,61.2424242,29.8827672,62.000901500000005,59.7015246,39.1177323,65.991705,2.4990589,42.7410451,68.9217863,57.0522431,59.5569124,71.980693,31.389986800000003,24.1110108,29.1098834,39.0314614,22.8794962,41.5004693,36.8304504,42.0792079,35.815144100000005,27.585794600000003,35.7699469,41.6339305,26.7403697,25.352112700000003,29.330697900000004,21.139782,18.0561142,16.130351,33.2175252,8.615739399999999,13.5824165,28.7934258,7.2349151,24.4652004,35.389806,36.1720377,31.9766757,76.8815116,65.0213866,11.8378448,53.5579474,25.8440103,49.9816196,74.27642370000001,21.7977652
genus_Barnesiella,0.00531,0.0,0.0,0.0,0.0,0.0,0.8715208999999999,0.0,0.00494,0.0,2.5634738,0.0,0.6632367,0.1780486,0.4192663,2.5066338,0.134017,2.1671186,0.4114718,2.9858031,0.8944219,0.0,0.0021,0.0,0.0,0.00596,0.0,0.00753,0.0,0.0,0.0,0.0313362,0.4794225,1.2276696,0.6300403,0.7357697,1.8266529,1.1931862999999998,0.477549,0.0160003999999999,0.3961563999999999,0.2002903999999999,0.0846945,0.0,0.0,0.0,0.0,0.0,0.0,0.6737977,0.00443,0.0,0.0,0.0,0.0191589,0.0,0.0,0.0,0.0,0.0,0.00294,0.00694,0.0,0.0,0.0,0.0,0.0,0.0,0.0,0.0,0.0,0.0,0.0,0.00282,0.5011224,0.778098,0.4270079,0.3895332,0.0,0.0073,0.0,0.0,0.0,0.0,0.00675,0.0,0.0,0.9319287,0.2174087999999999,2.4875057,0.0391428,0.0,0.0,0.0,0.0,0.00347,0.0,4.613691,14.3236466,3.276971,0.0,0.0,0.2066444,0.1025803,0.277808,0.3283952,0.2121933999999999,0.6948753,0.0,28.3738674,5.3596521,0.3027334,0.2497399,0.2877613,0.0,0.0057,0.0,0.2947269,0.1333379999999999,0.5957742,0.0,0.0,0.0,0.0,0.00656,0.0,0.0,2.7696873,0.0,0.0,0.00343,0.0,0.0,0.00237,0.0,0.0,0.0,0.0,0.0,0.0,0.0,0.0,0.0,0.0,0.0,0.0,0.0,0.0,0.0,0.1002758,0.0,1.62671,2.5260074,4.168678,1.3813943,0.9155295,0.0,1.9052325,3.6198887,6.506436,2.2542779,2.7981193,0.924649,0.3591075999999999,1.3865088,0.7225151,0.0753239,1.2049645,0.6371768,0.0,0.0211902,0.0184632,4.8763114000000005,0.0,0.00487,0.00432,0.0,0.0
genus_Bilophila,0.0265379,0.0581395,0.0113688,0.0134436,0.0,0.0,0.0491987999999999,0.0,0.0,0.0346572,0.0147137999999999,0.0863915,0.1194800999999999,0.1582654,0.0299476,0.00474,0.0,0.0160868,0.0356608999999999,0.0169768,0.0,0.3515268,0.1636902,0.0788900999999999,0.1014573,0.0119214,0.0276528,0.0526831,0.0559794999999999,0.012207,0.0406788,0.0,0.0215471,0.00269,0.0252015999999999,0.00809,0.0221861,0.0313996,0.0589183999999999,0.0,0.0168577,0.0,0.0,0.0142487,0.0,0.0209118,0.00448,0.0244051,0.0117188,0.0421124,0.1239321999999999,0.0049299999999999,0.0536078,0.0125287,0.0574768,0.00477,0.0,0.0,0.0354459,0.042156,0.0058699999999999,0.0104087,0.0461894,0.00612,0.0,0.0,0.0876629,0.0,0.0,0.0,0.0,0.0,0.0,0.0,0.00227,0.0192122999999999,0.0107908,0.00595,0.0,0.0,0.00379,0.0,0.0065,0.1591617,0.0630233,0.0,0.00765,0.0675311,0.0805218,0.0227168999999999,0.063607,0.0,0.0198385999999999,0.00687,0.0,0.0,0.0,0.0820657,0.0221272,0.084398,0.0125785999999999,0.0,0.0079499999999999,0.0,0.1416276,0.021893,0.0207018,0.0062,0.0,0.0381497,0.0267648,0.0293916,0.1144641,0.0177629999999999,0.0,0.0,0.0,0.0,0.0,0.0,0.0430087,0.1300149,0.0318081,0.1014738,0.0,0.0208312,0.0319668,0.0,0.0690975,0.0348817,0.051428,0.0424242,0.00463,0.0877796,0.0688128,0.0410469,0.0,0.0,0.0,0.0,0.0,0.0,0.0,0.0,0.0,0.0,0.0,0.0,0.0,0.00418,0.0,0.0137624,0.0119574,0.0517206,0.0,0.0172741,0.0,0.0713776,0.0046,0.0251408,0.0292005,0.0312058,0.0339113,0.0662184,0.00389,0.0,0.0150648,0.0120496,0.0,0.0235598999999999,0.0105951,0.0123088,0.00648,1.3517649,0.1071759,0.0194616,0.00293,0.011009
genus_Blautia,0.7112149,2.7378436,0.3569804,0.0604961,4.4910627000000005,11.576944,4.7582232,4.9277122,6.4595783,3.528107,0.8386875,5.7055929,1.0533759,4.7123526,6.573496400000001,2.1844200000000003,0.9847337,2.6175484,2.6512502,1.7146616,4.9555811,2.6832843,2.992592,2.8563656,0.8070467,3.9996424,1.2041529,0.2634154,0.8161221,4.3904622,1.3656439,12.615943800000002,2.1924154,0.8166555000000001,1.4868952,1.7060155,1.1388848,1.7937044,3.6126271,23.026812,6.945381,25.827449800000004,4.525105900000001,8.2328802,6.0921248,4.6005855,15.6868021,8.8468578,2.359375,5.162974800000001,2.040455,2.7666815,1.2383403,3.9068699,2.2990708,1.6931367999999998,3.0768451,4.7021019,2.9632780000000003,2.8124059,4.3501248,4.8678093,3.630485,2.095442,17.9624064,4.7329475,1.8292327,0.7384642,1.9675783,12.3136808,4.0948699,0.7469093,1.0909711,2.3662059,8.7435659,0.2401537,0.7306922,5.7448707,3.1461721,1.1720889,5.288880499999999,1.4071625,1.4041474,0.8753896000000001,0.916089,2.2080023,2.7442875,2.1069692,0.7649569,1.8627896,0.1565711,0.6596702,0.5885465000000001,0.7210548,0.7415771,0.4586997,1.0089992,1.8915132,5.4447559,1.1524694,18.6981132,0.5941288,4.3660255,0.4655567,0.7626103000000001,0.5692184,1.5164062,3.0462837,6.7300301000000005,1.9837864,1.2713282,1.1492113,1.1758585,2.8077447,2.8694298,2.6065134,2.0275086,0.553308,1.6842696,5.1749221,10.4081048,4.1883358,7.7793429,2.8750906,0.5907062000000001,2.0293025,1.1348198,2.4069902,0.3242266,0.1976629,1.0354167,0.7515151999999999,1.5291228,1.6037579,1.8729974,1.7988217,1.4685429,16.3814323,1.4597645,1.5346657,1.005651,1.1097818000000002,0.2758145,4.5878035,7.982852,2.6396562,3.2893089,5.1808034,1.4312528999999998,2.3439459,3.0953622,1.5358785,0.9715413,1.81022,1.8540902,0.5354984,1.4084507,4.606599699999999,2.8287567,3.2230491,0.9928167,1.4000999,5.1454796,6.188875299999999,7.6335878,5.150361299999999,1.0545345,2.5183757,2.0340645,5.6661562,0.3107893,0.3815737,14.6613133,1.9689859,16.1007454,3.6825603,1.0897586,3.2696648
genus_Butyricicoccus,0.0796136,0.243129,0.0159163,0.0134436,0.0299155,0.0108755,0.0773123,0.0165545,0.0,0.1524919,0.2370558999999999,0.3643466,0.3535637,0.3165308,0.2944847,0.1895375,0.0553549,0.0528566,0.3401501,0.0933727,0.308213,0.0517923,0.1636902,0.31284,0.046117,0.0983518999999999,0.0477639,0.00753,0.0353555,0.0284830999999999,0.0174338,0.1378792,0.0969619,0.0322364,0.390625,0.1374515,0.2366514,0.0549493999999999,0.0310097,0.0891449,0.1095752,0.0600871,0.1209921,0.1082899,0.0457194999999999,0.0627353,0.1793802,0.1769372,0.1171875,0.143182,0.1659806,0.1084972999999999,0.1822665,0.1399039,0.5939266000000001,0.3481662,0.0582928,0.112025,0.1276053,0.0301114,0.0528712,0.0798002,0.0369515,0.0122362,0.1300973,0.0586124,0.00584,0.1451317,0.21037,0.00949,0.00218,0.0171703,0.0,0.0731961,0.104306,0.0192122999999999,0.0154154,0.0892061,0.0973916,0.0584219,0.0871377,0.0492507,0.2340245999999999,0.2984283,0.1980733,0.00703,0.00383,0.1350621,0.0644174,0.1135847,0.0342499,0.1113729,0.0462902,0.1304766,0.0384902,0.045175,0.0740192,0.326261,0.3260068,0.1513344,0.1792453,0.0159284,0.2172415999999999,0.0631263,0.0435777,0.0145952999999999,0.0672808,0.1302891,0.0605679,0.0762995,0.066912,0.251788,0.0312175,0.0509207,0.0889746,0.0855529999999999,0.0285063,0.0667306,0.0315801,0.0,0.1576986,0.2507429,0.2044803999999999,0.0918095999999999,0.0131268,0.0624934999999999,0.1438504,0.0714403,0.0531519,0.0174408,0.0342853,0.1090908999999999,0.1853482,0.1281108,0.0795648,0.1979911,0.1353265,0.2837865,0.3465407,0.0542808,0.1245531,0.0247535,0.0172384,0.117636,0.0451264,0.3683241,0.0536884,0.2003626,0.0938527,0.1086321,0.109432,0.0963365,0.0538084,0.179298,0.0647529,0.1381931,0.0,0.0439247,0.0965916999999999,0.1156476,0.0350406,0.0104018999999999,0.4544119,0.7029340000000001,0.1674716,0.7273970000000001,0.3314251,0.1807447,0.7474574,0.0235598999999999,0.151863,0.2800258,0.0971377,0.1708835,0.3117845,0.0800086,0.0439419,0.0605493
genus_Butyricimonas,0.0,0.0,0.0,0.0,0.0,0.0,0.1124543,0.0331089,0.0444466,0.0831774,0.0,0.0826353,0.4242764,0.130569,0.1247815999999999,0.497536,0.1223634,0.2298111,0.0850375,0.0976169,0.3807337,0.0,0.0021,0.0,0.1199041,0.0178822,0.0100556,0.0225784999999999,0.0294628999999999,0.00407,0.0290562999999999,0.0,0.0215471,0.0859637,0.3402217999999999,0.1374515,0.2144652999999999,0.1177486,0.0868271,0.0,0.0337154,0.0100144999999999,0.0241984,0.0,0.2171677,0.0,0.0,0.0,0.0,0.0,0.0,0.0,0.0,0.0,0.0,0.0,0.0684307,0.0176882,0.0496243,0.0481783,0.091056,0.1561307,0.0,0.0,0.0,0.0,0.0,0.0,0.0,0.0,0.0,0.0,0.0,0.0,0.0,0.0,0.0,0.00892,0.0,0.0,0.0681947,0.0703581,0.143015,0.3183235,0.2003240999999999,0.0351593,0.0727217,0.1215559,0.2496175,0.0908678,0.0733927,0.0128507,0.1388705,0.1854141,0.3361474,0.045175,0.2298492,0.1581265,0.0250774,0.1949884999999999,0.0,0.0,0.0079499999999999,0.00789,0.0,0.0145952999999999,0.0828072,0.0868594,0.0,0.00954,0.1271328,0.2576663,0.3798127,0.2036829,0.0,0.0,0.00713,0.0,0.0,0.0,0.0,0.0,0.0,0.0,0.0,0.0,0.8151522,0.3352201,0.0,0.2325446,0.0857133,0.0545455,0.0185348,0.0569382,0.1419263,0.050705,0.0,0.00579,0.0,0.0,0.0,0.0,0.0,0.0,0.0,0.0,0.0,0.0,0.0,0.1984623999999999,0.0,0.0743167,0.0687552,0.3034273,0.1705159,0.4750389,0.0,0.0329435,0.0689941,0.0703942,0.0642411,0.1352251,0.0723442,0.017828,0.0428416,0.00488,0.0451943,0.0722979,0.0245068,0.0,0.0105951,0.0,0.3367439,0.00255,0.0,0.00216,0.0,0.0
genus_Clostridium.IV,0.44849,0.0,0.0,0.0470525,0.0,0.0,0.0,0.1213993999999999,0.2172947,0.1247660999999999,0.0114441,0.0262931,0.3511253,0.4629262999999999,0.3344148,0.0236922,0.0116537,0.0965207,0.0699501999999999,0.00849,0.277996,5.6167146,0.8751128,6.251360200000001,3.3158089000000004,0.0476858,3.8261394,3.4018213,2.200878,0.2563477,0.7264063000000001,2.3126097000000003,0.00539,0.0107455,1.8271169,0.0242561,0.0295813999999999,0.4042704,0.195361,0.0457153,0.0252865999999999,0.4857043,0.0846945,0.0398963,0.1371585,0.1254705,0.0313915,0.0732154,0.0507812999999999,0.0505348,0.0619660999999999,2.8307935,2.6803903,0.6326999,0.6897211999999999,0.0572328,0.5144972,0.1061289,0.00709,0.00602,0.0646204,0.3122615,0.0246342999999999,0.00612,0.4441254,0.0366327,0.0175326,0.5250352,0.1361218,0.2373492999999999,0.0709777,1.6826923,1.1477925,1.0148926,0.0068,0.0960615,0.0107908,0.0535236,0.0,0.0,0.0568289,0.00704,0.019502,0.026527,0.013505,0.0140636999999999,0.0153098,0.0,0.0,0.3975466,0.0978569,0.6168344,5.4159503,8.7075951,4.3134639,4.5313966,2.0491644,0.0480384,0.0885085999999999,0.00582,0.1132075,0.0541565,0.0503365,0.0473446999999999,0.0871555,0.8392323,0.5848256,0.1551061,0.5521001,0.0381497,0.0,0.8827275000000001,0.239334,0.7614424,0.8007711000000001,0.4163577,0.2173603,0.0291946,0.0140356,0.0623485,0.03823,0.0325037,0.1772163,0.0144962999999999,0.0,0.0121515,0.0319668,2.6460406,0.00532,0.00581,0.00343,0.7515151999999999,0.0185348,0.0142344999999999,0.043008,0.0193162,0.0112772,0.00579,0.0245339,0.013159,0.1222466,1.670861,2.5547319,0.6117071,1.9720217,0.0368324,1.1560901,0.6678752,0.0703895,3.0981031,0.3543512,5.33704,7.036948499999999,6.1995724,6.9544572,2.8070478,1.4084507,0.5765113,0.2943747,6.3958166,6.832914800000001,4.7287176,0.0949517,0.0432967,0.00779,0.5516501,0.0301296,0.0481986,0.0122534,0.0,0.0,0.00308,0.1100894,0.020404,0.0146149,0.0410855,0.0205062,0.0385314
genus_Clostridium.XI,0.3662226,0.2484144,0.0113688,0.0201654,0.4823873,2.1750952,0.0,0.00552,0.0246926,0.0138629,0.7667533,0.0112684999999999,0.2535905,9.0053019,1.3426504,1.2793783,0.1019694999999999,0.2849658,0.9546147,0.5220381,0.2417357,0.1939458,0.0021,0.00544,0.00461,0.00596,0.0125694,0.0526831,0.0117852,0.0,0.0,0.1316119,0.0538677,0.0564137,0.3150202,0.0565976999999999,0.0887443,0.0274746999999999,0.0310097,0.0342865,0.0,0.00501,0.0362976,0.0170984,0.5486341,0.0,0.1210817,0.0060999999999999,0.0390625,0.0,0.0,0.0098599999999999,0.0160822999999999,0.00626,0.0,0.0667716,0.0253447,0.0,0.00709,0.0,0.0058699999999999,0.048574,0.274057,0.3976750999999999,0.1704724,0.1245512,0.0642861,0.1195202,0.0185620999999999,3.2137093,1.51128,0.0858516,0.0568214,0.0337827999999999,0.3333258,0.3458213,0.0354555,0.1694915,0.1270325,0.0073,0.0303088,0.0211074,0.1170122999999999,0.00663,0.1147924999999999,0.0632867,0.1492709,0.0405185999999999,0.0563652,0.0113585,0.00489,0.6339687,0.3703213999999999,0.3227579,0.2694311,0.052125,0.4752814999999999,0.1281025,0.2596253,0.3113996,0.0,0.0,0.0715308,0.0867986999999999,0.0326833,0.1459533999999999,0.1086844,0.6700583,0.0489203,0.0953743,0.0267648,0.1234447,0.0,0.0165787999999999,0.0,0.0,0.0,0.0583893,0.0526334,0.1316245,0.0,0.0,0.0,0.0,0.00656,0.0,0.0,0.2280596,0.0,0.0,0.0,0.0484848,0.2594875,0.00712,0.0150528,0.0,0.0,0.2461413999999999,0.00307,0.0,0.0,0.0,0.0,0.0,0.0,0.0,0.0,0.0,0.0,0.2506894,0.00521,0.1954254,0.2271912,0.4551409999999999,0.1532484,0.3454828,0.0,0.0,0.1011913,0.1106195,0.1576826,0.0499293,0.3391133,0.3412795,0.0662097,0.00488,0.0,0.0,0.0,0.0176699,0.0070599999999999,0.0830846,0.0129517,0.0433585,1.0425294,0.0670343,0.0146472999999999,0.2807288
genus_Clostridium.XVIII,0.0132688999999999,0.0052899999999999,0.0318327,0.0134436,0.0112183,1.8542686,1.1948271,0.2427987999999999,0.5284212,0.3327095,0.1046316,0.1201968,0.0,0.0,0.0,0.0,0.0,0.0,0.0,0.00212,0.0423037,0.0198354,0.0293802999999999,0.00272,0.00461,0.0149018,0.00754,0.0,0.0,0.016276,0.00581,0.5076459999999999,0.2370179,0.131632,0.1008065,0.2910737,0.2810235,0.0981239,0.1178367999999999,0.0868591,0.0421443,0.0100144999999999,0.0120992,0.042746,0.0,0.0,0.026907,0.0183038,0.0195312999999999,0.0336899,0.0199177,0.0,0.0214431,0.0125287,0.0383178,0.4864788,0.0228102,0.0560125,0.0,0.0,0.0058699999999999,0.00347,0.00924,0.152952,0.3319725,0.0512858,0.0525977,0.0256115,0.1670585,0.5174214,0.0305749999999999,0.0,0.00568,0.0,0.0068,0.00961,0.0,0.0,0.1355014,0.0766787,0.1136578999999999,0.0281432,0.0585061,0.0464222,0.121545,0.0773504,0.0191373,0.0,0.0,0.0,0.0,0.1113729,0.0793546,0.1442109999999999,0.0898104,0.0417,0.0857064999999999,0.006,0.0,0.00873,0.0314465,0.00478,0.0,0.0,0.0,0.0,0.0155263,0.0,0.0815338,0.0190749,0.0133824,0.0186147,0.0364204,0.0142104,0.2669237,0.1996236,0.1211517,0.0458772999999999,0.0245623,0.0484932,0.00478,0.00464,0.0408961,0.0,0.0,0.00694,0.0,0.0164862,0.0,0.00581,0.0,0.0,0.0,0.00237,0.0064499999999999,0.00966,0.0150363,0.0810819,0.0,0.00329,0.0092299999999999,0.0330047,0.00345,0.0376434999999999,0.0315884,0.0736648,0.032213,0.0954107,0.0117316,0.0417816,0.0364773,0.00826,0.0239149,0.0482724999999999,0.045327,0.0,0.0,0.0,0.0321972,0.0150845,0.00584,0.0145627,0.0,0.0,0.0,0.0,0.0,0.0,0.0,0.0,0.0,0.0,0.0,0.066313,0.4822916,0.00865,0.0585891999999999,0.0220179
genus_Clostridium.XlVa,0.0849212,0.6871035999999999,0.1477945,0.1008268,1.4097674,2.490484,0.1475963,1.3409116,0.7555929,0.3465724,0.0359671,0.3192728,0.2048231,0.0672628,0.0898428,0.0805534,0.2097658,0.1539734,0.4032424,0.0318316,0.0543905,0.1465613,0.1825775,0.1305767,0.2167497,0.1400769,0.1432917,0.2408369,0.2327567999999999,0.1302083,0.116225,0.3885686,0.1185089,0.3357958,0.0756048,0.1131953,0.1774885,0.1177486,0.2139667999999999,0.1188599,1.7026298,0.3755445,0.169389,0.0455957,0.4343354,0.3136762999999999,0.1569577,0.780964,0.15625,0.3368988,0.5687602,0.064112,0.1983489,0.2505742,0.1149534999999999,0.3004722,0.0684307,0.339023,0.1417836,0.3252033,0.0793068,0.1838873,0.4064665,0.4374425999999999,2.3552106,0.7619606,0.7071474,0.729927,0.8043559,1.2579512,2.7233615,0.5494505000000001,0.4432069999999999,0.4785901,0.0317453,0.1440922,0.0431632,0.1516503,0.1397358,0.0219082,0.1818526,0.3095757,0.4745497999999999,0.5106439,0.3623841,0.5625483,0.7157347,0.1620745999999999,0.3301393,0.3521127,0.2446423,0.1156565,0.3703213999999999,0.1167422,0.0744142999999999,0.1389999,0.0896022,1.6473179,1.374834,1.2019441,4.0974843,0.089199,0.0688815,0.0394539999999999,0.201547,0.1240604,0.1138598,0.0496339,0.9853938,0.1812113,0.3947809,0.0715195,0.1404787,0.0568417,10.1950026,1.1749273,1.054732,0.1904603,0.3122917,0.1385521,0.3201759,0.5061293,0.7043214,1.13554,0.1247046,0.1961600999999999,0.719252,0.0631972,1.4457319,0.302308,0.1474269,0.0121212,0.0417034,0.0877796,0.0408576,0.0144871999999999,0.0626511,0.3532852999999999,0.0429342,0.00329,0.0184522999999999,0.1939024,0.0172384,0.4234896,0.1083032,0.300798,0.2183328,0.3339376,0.3930079999999999,0.1441464,0.109432,0.4844348,0.1614253,0.1206812999999999,0.1100799,0.0259112,0.0,0.2910009,0.2161814,0.1709573999999999,0.116802,0.3432637,0.0452150999999999,0.0483904,0.0272628,0.4051942999999999,0.1205181999999999,0.6506808000000001,0.5391496,0.5536577,0.3284478,0.4615811,0.0906618,0.387676,0.4043454999999999,0.4627527,0.2284978,0.599989
genus_Clostridium.XlVb,0.0212303,0.0052899999999999,0.0113688,0.0336089,0.0,0.0,0.2178802,0.1269176,0.3407576,0.0831774,0.0261579,0.2591744,0.00975,0.0158265,0.0299476,0.00474,0.0437012,0.1631659,0.0521197999999999,0.1082274,0.0664773,0.1101965,0.2707183,0.1605005,0.1429626,0.2175662,0.04525,0.0903138,0.2681123,0.1871745,0.4532775,0.2694911,0.1346693,0.0886501,0.0378024,0.0565976999999999,0.3993492,0.0510244,0.7504341,0.3360077,2.8910991,1.0865755,0.9679371,0.21373,0.3314665,0.0418235,0.0448451,0.0732154,0.0820313,0.0926472,0.4404019,0.0986339,0.0268039,0.0167049,0.3257017,0.1383125999999999,0.1089822,1.2971316,0.1063377,0.2047576,0.1674255,0.1804177,0.0461894,0.0244723,2.0546409000000003,0.7106748,0.5668867999999999,0.1024458999999999,0.5630491,0.0,0.00546,0.0171703,0.0113642999999999,0.00563,0.0226752,0.0960615,0.0215816,0.00892,0.1990176,0.109541,0.1250237,0.0985014,0.0650067999999999,0.3315869999999999,0.2093275,0.3445609,0.4439850999999999,0.1755808,0.3704002,0.5452066999999999,0.1223212,0.0471193,0.165322,0.0892734999999999,0.0461882,0.0278,0.0194787,0.6285028,0.3422334,0.2008091,0.1477987,0.5590862999999999,0.1298151,0.0394539999999999,0.2124413999999999,0.2846092,0.0879826,0.024817,0.7198267,0.0762995,0.267648,0.3350642,0.5619147,0.1598674,0.8304293,1.9848286,1.1402509,0.0987057,0.1193024,0.0415656,1.1612348,0.1160847,0.5998092,0.4445518,0.0525072,0.1770649,0.00799,0.0302248,0.8663761000000001,0.075577,0.0205712,0.1515152,0.0417034,0.0972692999999999,0.0688128,0.1231408,0.1378325,0.4951785,0.2913395,0.1957398,0.0876485,0.3589257,0.1999655,0.3011481,0.1037905999999999,0.5279312,0.379398,1.1926343,1.4077898,0.1650372,0.1042209,0.181663,0.0866914,0.2344666,0.1640406,0.1641043,0.0,0.2690386,0.2115818,0.6084071,0.2569643,0.1373055,0.1537314,0.2394050999999999,0.1557875,1.7330598999999998,0.4820729,0.9278226,0.919005,0.0647897,0.1977749999999999,0.787765,0.5763502,0.2218935,1.0522726,0.4086928,0.1904148,0.1486211
genus_Clostridium.sensu.stricto,0.8784035000000001,0.0,0.0,0.0,1.1554858,1.451876,0.2038234,0.0,0.0395081,0.0,0.4463191,0.0,0.0146302,0.1582654,0.00998,0.0142153,0.0,0.0023,0.0205736,0.0509305,0.0060399999999999,0.0,0.0021,0.0,0.0,0.0,0.00251,0.0,0.0,0.0,0.0,0.8523439,0.0269339,0.00537,0.063004,0.0,0.0,0.0235497,0.0031,0.0228576999999999,0.0,0.0,0.0362976,0.1082899,0.0800091,0.0,0.0134535,0.0,0.0,0.0,0.0,0.0,0.0,0.0,0.0,0.023847,0.8211679,0.0678045999999999,0.6096696,0.0,0.0528712,0.0,0.0,0.0183542,0.0,0.00733,0.0,0.00854,0.0,0.00475,0.1157483,0.0,0.0,0.0450438,0.00454,0.0768491999999999,0.0,0.0356824,0.0550474,0.0,0.0,0.0703581,0.0065,0.2785331,0.0045,0.0,0.0688942,0.0,0.0,0.0,0.0,0.0214179,0.2975797,0.0206016,0.0128300999999999,0.1111999,0.0039,0.010008,0.0,0.0,0.0031399999999999,0.0,0.0079499999999999,0.2130514,0.0708138,0.0583814,0.00518,0.0434297,0.0,0.0,0.0936768,0.3066523,0.0104058,0.0,0.0,0.0,0.0,0.182119,0.0,0.0,0.0,0.0,0.0,0.0,0.0,0.0,0.0,0.0219816,0.0,0.0,0.0,0.0,0.0,0.0,0.0,0.5770717,0.0,0.1361017,0.0766683,0.0,0.1014877,0.0,0.0,0.0,0.0,0.0,0.0,0.0,0.0,0.2736693,0.0,0.00275,0.00897,0.0,0.00648,0.0,0.0,0.0,0.0,0.0,0.0,0.00208,0.00226,0.0,0.4089422,0.0,0.0,0.0,0.1715476,0.0,0.0,0.0,0.0388551,0.2116915,0.1705071,0.00432,0.0,0.0
genus_Collinsella,0.1379969,0.8826638,0.095498,0.0672179,0.0,0.0,0.0702839,1.749255,0.4839745,0.8941568000000001,0.1242499999999999,0.0976599,0.112165,0.6924112,0.2345895,0.0710766,0.4224449,0.8801764999999999,2.6142177,0.0,1.3597631,0.0022,0.0021,0.0,0.0,0.0,0.0,0.00753,0.0,0.0,0.0,11.0303334,0.1508295999999999,0.0134317999999999,0.4662297999999999,0.0808538,0.1183257,0.1530732,0.0558174,1.7417541,2.6382333,4.130989899999999,0.2661827,0.2849734,1.4858841,0.3554998,1.5337011,0.3111653,0.4179688,0.3200539,0.1438499,0.0,0.0,0.0,0.0,0.0,0.0304136,0.2594263,0.467886,0.1626016,0.284917,0.4302269,0.00616,0.0,0.0,0.0,0.0,0.0,0.0,0.0,0.0,0.00859,0.0,0.00141,0.0181402,0.1633045,0.0447048,0.4490039,0.0,0.0,0.0,0.0,0.0,0.0,0.00225,0.0,0.0,0.0540249,0.2335132,0.0340754,0.0684999,0.3255515,0.0859675,0.1991484999999999,0.1000744,0.0938249,0.1908917,2.6140913,2.6552589,0.2357324,0.2767295999999999,0.0876061,0.193398,0.189379,0.6972437,0.7954463,0.2277197,0.713488,0.291192,0.4482594,0.2208096,0.1841873,0.1144641,0.1267097,0.0,0.0,0.00356,0.0,0.0,0.0,1.3093759,19.0053863,2.4219567,4.1507611,0.1509583,0.1041557999999999,0.7831855000000001,0.1593669,0.0690975,0.0523225,0.1577125,1.0,0.5282424,0.9015207,0.6666237,0.4853197,0.0,0.7355283,0.0,0.0,0.0,0.2846652,0.0344768,2.2821382000000003,4.2238267,2.9772867,0.3436057,1.4884076,0.4399343,0.4199047,0.7034914,0.0275247,0.0956595,0.093097,0.0323764,0.9328036,0.0,0.3184539,1.1912975,0.4927595,0.3796064,0.0728135,4.2660457,8.7204564,0.2064184,4.4522554,0.3163603,0.3976383,0.1715476,0.4947579,0.1130142999999999,0.3538788,10.6527652,0.00765,0.00487,0.2811115,0.2167799,3.4843397
genus_Coprococcus,0.2813014,0.2801268,0.1432469,0.1142704,0.0,0.0,0.3233062,0.4911158,0.0,0.0138629,0.2092632,0.0,1.3094048,0.8981562000000001,2.9198902,0.7771039000000001,0.2301597,1.0732178,1.8708253,0.2504085,3.7892065,0.6027747,0.2938029,0.601197,0.2490315,0.3606235,0.4977501,0.2107322999999999,0.3447158,0.4394531,0.3196188,0.0,0.210084,0.4351914,0.5166331,0.2344761,0.3845584999999999,0.2825968,0.0,0.00229,0.0,0.0,0.0,0.3505172,0.7772317,0.083647,0.2511323,0.3111653,0.0625,0.143182,0.0818838,0.0,0.0,0.00209,0.0,0.0,0.1191199999999999,0.5719171000000001,0.077981,0.0602228,0.1086797,0.1110263,0.1878368,0.00306,0.0,0.0,0.0,0.2561147,0.1423091,0.0,0.00218,0.0,0.0,0.0380056999999999,1.1768440999999998,0.2017291,0.2404809999999999,1.1626523999999998,0.3472222,0.1314492,0.9206289,0.4713994,0.1885198,0.2520061,0.3061133,0.1406371,0.5664638,0.0135062,0.0,0.0,0.0,0.1884772,0.1719349,0.2746875,0.1796207,0.1146749,0.1597257,0.1601281,0.2345479,0.0378336,0.0,0.00159,1.7379325,1.0731476,1.0513128,2.9847479,1.2007039000000002,0.508748,0.3401123,0.3624225,0.2341919999999999,0.4839816,0.2809573,0.5755225,0.0,0.0,0.0,0.1668265,0.0,0.0138552,0.00956,0.0,0.0,0.0,0.0,0.00174,0.127867,3.220311,0.0,0.0813906,0.0,1.0363636,2.298318,1.1624872,0.4644861999999999,0.7726483000000001,2.6275891,5.4614427,0.7145486000000001,0.3355538999999999,0.3021566,0.523949,0.0551629,1.6092603,0.5009025,0.8778391999999999,0.9413365,2.566549,0.6276396,0.0898304,0.1042209,0.0,0.0,0.0,0.0,0.0,2.8169014,0.0,0.0,0.0,0.0,0.00416,0.8613479,0.99837,0.9931453,1.2546378,0.6628503,0.6265815,0.7597108,0.1943692,0.1342045,0.2461766,2.7651859,0.275454,0.8622789000000001,0.4238296,0.0908132,0.2972423
genus_Dorea,0.1645348,0.8985201,0.1978171999999999,0.1209921,0.0,0.0380642,0.5411864,0.4359342,0.2123562,0.3049837,0.2027236999999999,0.4169326999999999,0.5852088,1.3215162,2.6703269,0.4833207,0.3233889,0.6503654,1.1054877,0.239798,1.3899801,0.532249,0.3882394999999999,0.5331882,0.3135952999999999,0.7063452,0.4223333999999999,0.1655753999999999,0.2622197,0.5167643000000001,0.4242212999999999,1.8362998,0.5548373,0.3277367,0.5166331,0.3800129,1.7231179,0.7378914999999999,0.0279087,0.0548583999999999,0.8513149,0.6459366,0.0,1.0914479,2.1602469,0.2091174999999999,0.6278308,0.5491153000000001,0.1640625,0.589573,0.3120436,0.3797406,0.3538115,0.615995,0.9196283,0.4387848,0.1748783,0.0707526,0.00709,0.0481783,0.0939932,0.097148,0.2925327,0.4099113,1.1843345,0.3370209999999999,0.2396119,0.0341486,0.0,0.00475,0.0,0.0,0.0,0.7009938,1.2811500999999998,0.1440922,0.1371975,1.1745465,0.1905488,0.0365137,1.2464482,0.3306832,0.3380355,0.1657934999999999,0.2565949,0.239083,0.4171929,0.4457049999999999,0.4106610999999999,0.3975466,0.0587142,0.2655815,0.0925803,0.0824063,0.1359986,0.1285749,0.218162,0.5264211000000001,1.3969612,0.4481825,4.0251572,0.0,0.3947438,0.1183618999999999,0.1852054,0.1605488,0.4813166,1.1167639,0.4239756,0.6771578,0.3211777,0.2841187,0.4162331,0.5388122000000001,0.0,0.0,0.0,0.3030682,0.0,0.0,0.6594667000000001,0.0557207,0.2544645,0.0773134,0.0131268,0.1197792,0.1358587,0.3681926,0.026576,0.00581,0.2914252,0.2606060999999999,0.2131505,0.2372423,0.5634045,0.325961,0.7142231,0.8513596,0.251472,0.2582449,0.1660708,0.1361442,0.0517152,0.6728778000000001,0.9386282,0.6077348,0.6263646,0.7919092000000001,0.3812764,0.4366173999999999,0.5054716,0.1321186,0.2361593,0.362044,0.4705374,0.0777336,0.0,1.3177401,0.6439446,0.4977876,0.1460025,0.1622701,2.5953474,1.4466178,0.860726,1.244874,0.2410365,0.542234,0.8087244,0.3828484,0.3567014,0.5754376999999999,2.3054009,1.0176495,5.3539241,1.2022921,0.4247715,0.8531953999999999
genus_Eggerthella,0.0132688999999999,0.0052899999999999,0.00682,0.0,0.0299155,0.1141925,0.0632556,0.6566604,0.0839548,0.0831774,0.0,0.0150246,0.1365487,0.1820052,0.0798602,0.0473844,0.00291,0.0183849,0.0905238,0.00212,0.0906509,0.0286511,0.010493,0.0136017,0.0368936,0.032784,0.00251,0.0225784999999999,0.00295,0.00814,0.00581,0.0188017,0.0161603,0.0,0.0,0.0,0.0,0.0,0.0,0.00457,0.0168577,0.0,0.0,0.00285,0.0457194999999999,0.0,0.0493295999999999,0.0060999999999999,0.00391,0.0,0.0,0.0098599999999999,0.0107216,0.0167049,0.0383178,0.2050842,0.0025299999999999,0.0117921,0.0141783999999999,0.0,0.00294,0.00694,0.00308,0.00306,0.0269167,0.0146531,0.0,0.00854,0.0247494,0.0901927,0.0251151999999999,0.2918956,0.039775,0.0351905,0.00227,0.0,0.00154,0.00595,0.1820799,0.0255596,0.00379,0.0,0.019502,0.0,0.0,0.0,0.0114824,0.0,0.0,0.0113585,0.0,0.0,0.0,0.0,0.0,0.0,0.0,0.0240192,0.0398289,0.0,0.1069181999999999,0.0,0.00265,0.0,0.00545,0.0,0.0103509,0.0062,0.00466,0.0286123,0.0200736,0.00196,0.0,0.00237,0.4819456,0.0228141,0.0356328,0.0097299999999999,0.0175445,0.0554208999999999,0.0334512,0.0,0.0,0.00483,0.0,0.0,0.0319668,0.0302248,0.0,0.0,0.0,0.0909091,0.00927,0.00237,0.0043,0.00241,0.0175423,0.0347494,0.00307,0.013159,0.00231,0.0165023,0.0,0.00941,0.0722022,0.0184162,0.00716,0.0381643,0.0,0.00627,0.0,0.0302771999999999,0.0328829,0.0069,0.00216,0.1295561,0.0,0.00549,0.0827929,0.0351971,0.00584,0.00624,0.0158253,0.00764,0.0,0.0146456,0.0,0.0,0.0,0.01178,0.0,0.00615,0.0388551,0.30606,0.1802503999999999,0.00649,0.0117177999999999,0.0605493
genus_Erysipelotrichaceae_incertae_sedis,0.0,0.0264271,0.00682,0.0134436,0.2206267,0.3588907,0.0702839,0.4028253,0.0246926,0.1178346,0.00163,0.0713669,0.4852357,1.0920313,3.8981782,1.0140258,0.8448899,1.4271269,1.7309248999999998,0.0212211,2.2179247,1.6672726999999998,0.7848733,0.2856366,0.4888397,0.4053289,0.4826667,0.2257846,0.4036416,0.7446289,0.2615062999999999,0.3321634,0.0161603,0.0161182,0.0126007999999999,0.00809,0.0295813999999999,0.0392495,0.0248077,0.1942902,0.1938638,0.0851234,0.0241984,0.0113989,0.0,0.0,0.0313915,0.0,0.0,0.0,0.0,0.0098599999999999,0.0,0.00209,0.0,0.0143082,0.0,0.0059,0.0,0.0,0.0,0.0138783,0.3233256,0.1101254,0.4934727,0.5714704,0.2279236,0.00427,0.105185,0.2088674,0.0141955,0.00859,0.0227285999999999,0.00563,0.0068,0.0,0.0,0.0118941,0.0,0.00365,0.0113658,0.0,0.0,0.0,0.0225083,0.0421911,0.0306197,0.0,0.00805,0.0,0.0,0.0728207,0.0925803,0.5013048,0.1873188,0.1007749,0.1636214999999999,0.4163331,0.697743,0.1193213,0.1100629,0.00319,0.174853,0.0552355,0.0163415999999999,0.043786,0.9626333,1.2532572,0.00466,0.3051978999999999,0.100368,0.00392,0.0,0.00355,0.1186328,0.0,0.0,0.0111218,0.1087757,0.2009005999999999,0.0860174,0.0417905,0.1226882,0.0,0.0,0.0121515,0.0,0.2500412,0.0,0.0,0.0,0.4242423999999999,0.2919235,0.2443596,0.2601983,0.2293799,1.3357224,1.5782006000000002,0.6532139,0.952381,0.2306538999999999,0.00413,0.0,0.0,0.00903,0.0,0.0,0.0,0.0,0.00209,0.0,0.0055,0.0269042,0.0172402,0.00648,0.0,0.0,0.0109812,0.0183984,0.00503,0.0175203,0.00624,0.00904,0.00509,0.0194734,0.00976,0.0,0.0,0.0,0.0,0.0,0.00615,0.00648,0.05101,0.4043454999999999,0.0151368,0.0292945999999999,0.0
genus_Faecalibacterium,10.0313147,0.9778013,1.0936789,0.1209921,0.00748,0.00544,5.0112454,9.9713056,31.7546546,20.7250295,6.333480499999999,10.8515194,4.6036429,5.499723,9.049164,5.904094,10.6164783,10.1921221,14.0078728,7.7138552,14.3711851,2.3945695,16.1423685,9.9891186,9.8275226,5.8415045,2.8457226,2.9803567,1.9180342,4.8421224,4.3468154000000006,3.4657809,18.1049343,5.7165883,20.5393145,7.8832471,9.3255436,10.691577,3.4544778,0.1440033,1.8037761,1.6924541000000002,5.5656382,9.6919438,1.0858384,7.0472606,7.5563927,22.3672971,4.8984375,9.7111092,12.2715,13.0048824,6.2721132,8.983086199999999,5.5560877,21.7770783,5.482056,11.9807789,35.8499929,4.4685336,6.4238508,3.5840677000000003,5.6905312,2.9183236,8.2499664,12.3012675,9.9292853,10.8208477,12.1890855,1.8418304,1.7809954,8.5765797,10.3926359,5.6670702,2.0815855,12.2478386,7.0803145,7.5944098,13.1309282,5.2652718,5.6980489,8.4429747,5.0965351,5.5375025,3.016116,1.9126644,3.3222337,6.3884387,2.5203317,6.3039527,0.6360701,55.0867423,9.9788388,12.1892597,8.650021800000001,4.8198214,8.5589622,4.9419536,2.3971087,0.6373504999999999,9.7735849,1.707523,5.5979442,6.746626699999999,2.3041726,3.626943,13.0059,5.6148406,4.675379100000001,9.6804959,7.3603212,11.720388,3.6940687,12.7230742,0.7562838,2.0190498000000003,2.7971779,7.7643853,5.593178699999999,1.1984759,4.8647615,3.4082467,1.0678421,0.9132641,0.603833,2.2393501,12.986494,3.0114854,1.5573509,11.8423347,0.7028491,11.5878788,21.1667671,2.894356,4.466378499999999,15.4408924,8.1371308,7.908377499999999,12.6012022,6.711078199999999,8.3219928,2.145303,1.0722289,13.8669302,6.015343,9.6930632,4.2485415,8.2721114,3.8538245,10.4767277,8.681605000000001,12.837521700000002,5.228386899999999,8.406316799999999,6.127779,29.0637416,9.8591549,14.3853292,6.9224047,3.9521319,13.6541494,13.0669052,6.992516899999999,8.5676447,6.5898115,14.3770748,7.140705,3.626943,2.2423723,12.1627989,0.7840367000000001,0.5508201,1.3534516,11.9516425,0.2094802,6.9607525,0.10839,19.1941432
genus_Flavonifractor,0.1273818,0.0739958,0.047749,0.094105,0.4749083999999999,2.2349103,0.0843407,0.1986536,0.8839942999999999,0.2287378,0.024523,0.0788792,0.0780278,0.0514363,0.0998252999999999,0.0331691,0.0291340999999999,0.0689433,0.0562345,0.0870063,0.0846075,0.1035846999999999,0.010493,0.0462459,0.0415053,0.0506661,0.0175972,0.1354708,0.0147314,0.0406901,0.0813575,0.2882928,0.0646412,0.0993956,0.2646169,0.0727684,0.0665582,0.0353246,0.0527164,0.0274291999999999,0.4635873,0.0751089,0.1088929,0.0911915,0.8686707,0.083647,0.3408225,0.0610128,0.125,0.0758022,0.0796707,0.0591804,0.1447411,0.0417624,0.1149534999999999,0.0524633999999999,0.0202758,0.0560125,0.0638026,0.0361337,0.020561,0.0451044,0.0338722,0.0,0.9241398,0.6081032,0.2746771,0.2817262,0.4331146999999999,0.0189879,0.0131036,0.2317995,0.0738678,0.0760113999999999,0.0566881,0.0480307,0.0123323999999999,0.0713649,0.2625339,0.0328623,0.0871377,0.0351791,0.123513,0.0198952,0.08103,0.0351593,0.0803766,0.0270124,0.0805218,0.1022263,0.00979,0.0257014,0.0132258,0.0137343999999999,0.010264,0.0173749999999999,0.0194787,0.1000800999999999,0.1799675,0.0291027999999999,0.1257862,0.1720266,0.0132464,0.0157816,0.0871555,0.0948697,0.0103509,0.0124085,0.2119878,0.00954,0.0200736,0.0293916,0.0260146,0.0355261,6.9029436,1.1977414,0.1924172999999999,0.0861937,0.1087757,0.1801178,0.1481411,0.1160847,0.0454401,0.0483209,0.1050144,0.0520778999999999,0.2717174,0.0659449,0.0903582,0.0348817,0.00343,0.0424242,0.0185348,0.0640554,0.1333247,0.0700211999999999,0.0889646,0.2519328999999999,0.046001,0.0246730999999999,0.0138392,0.0742605,0.0620583,0.1411632,0.0902526999999999,0.1841621,0.0680053,0.3339376,0.0821211,0.0396925,0.0573215,0.0357821,0.0298936,0.0551686,0.0388517,0.4145794,0.0,0.1647175,0.0689941,0.1257039,0.0292005,0.0145627,0.4589333999999999,0.5170130000000001,0.0272628,0.2050381,0.0301296,0.4578865,0.1960544,0.0706797,0.0141268,0.0092299999999999,0.1165652,0.494797,1.5540508,0.5946589,0.3456761,0.2697198
genus_Lachnospiracea_incertae_sedis,3.4366541,4.8572939,1.1232377999999998,0.3696982,6.2635555,7.699836899999999,13.6631993,8.5862488,3.8026569,10.3347889,6.8010529,6.4493107,5.1303309,5.3454143,7.9610681,4.8616376,4.0933458,7.5332077,6.5643473,10.2073298,7.5542394,2.4375461,20.1317916,6.0881393,3.9383878,9.9216165,3.358556,1.6181230000000002,5.5567013,7.4625651,3.0218503,16.1130609,5.6399483,4.6796508,4.5236895,5.700194,5.0584233,5.1063663,14.2737534,45.8753343,12.3314228,25.792399,6.291591,8.856971900000001,10.2411704,10.4976997,12.5521324,17.5228798,8.9570313,9.1552261,11.3287301,7.3432954,8.4539509,9.7306327,9.7135741,4.7980159,13.2400649,8.1984611,3.665107,4.649202,5.883389599999999,7.1716050000000005,16.292532700000002,1.8690731,10.4571352,1.831636,7.0071884,1.8056089,0.9095409,16.4293174,5.5875865,2.0003434,4.346837900000001,7.9586723,9.4102175,3.8808838,3.7829505,11.210229,8.7821816,8.7997955,12.1007767,10.0471399,3.3868556,9.0589562,6.8830467,11.6658463,7.3563746,10.089141,2.5444883000000003,7.4738755,1.7418534,2.1417862,16.1222061,5.2533993,9.0657155,4.3819717,6.0345163,1.4931946,1.7937748999999998,1.1553796,16.1100629,0.8394259,4.9409209,1.4045609,4.1998039,11.9316938,5.8741331,4.7772677,6.8418478,6.4663805000000005,4.0883239,9.4631135,5.3277836,6.645745799999999,1.3568622,5.1616951,4.9494014,40.6278239,4.2562897,11.1465189,11.8704005,2.3124071,18.3078112,4.6098091,2.6122342,3.5534493,9.5820347,9.8697588,4.735835,12.4353235,1.9851202,3.9818182,23.1546268,5.4542004,6.4490463,12.9780761,7.625897500000001,20.3110069,14.2235034,5.4511062,8.850190300000001,4.063699,0.8067575,11.0295502,15.8303249,7.5322284,16.6863524,8.911363399999999,4.0415298,9.5366424,5.5810318,11.7090088,14.483439,9.9958624,14.0600043,1.7965106000000002,5.6338028,12.7710976,6.384251000000001,9.8652454,14.232319099999998,9.9775318,5.2268668,6.0437042000000005,8.0970556,11.63347,6.6435673,3.0967586,4.2519299,10.4959359,0.4838425,1.0677909,6.896775,4.4531728,12.6906026,13.2122392,2.0740567000000003,17.6528871
genus_Odoribacter,0.0,0.0,0.0,0.0,0.0,0.0,0.6676974999999999,0.3090167,0.2666798,0.1663548,0.4201612,0.7249371,0.1219185,0.0712194,0.2246069,0.5543973,0.1922853,0.3791883,0.1097258,0.3883454,0.2719526,0.0,0.0,0.0,0.0,0.0,0.0,0.0,0.0,0.0,0.0,0.0626723,0.538677,0.5990598,0.0882056,0.0808538,0.872652,0.5102441,0.6760109000000001,0.00686,0.2275792,0.0400581,0.0362976,0.2279787,0.468625,0.0627353,0.0852056,0.0305064,0.0820313,0.4379685,0.4005665,0.7101642,0.5360781,0.3215703,1.1303765,0.00477,0.0278792,0.0383243,0.00709,0.0542005,0.0117492,0.0693914,0.0,0.0,0.0,0.0,0.0,0.0,0.0,0.0,0.0,0.0,0.0,0.0,0.1179112,0.0384245999999999,0.0601202,0.1903062999999999,0.0,0.00365,0.3674938,0.1688595,0.0325033999999999,0.3116918,0.5311965,0.0351593,0.141616,0.2160994,0.2737741,0.1476602,0.0978569,0.0128507,0.1388705,0.3982969,0.3207513,0.031275,0.2571195,0.0980785,0.4853223,0.2095399,0.0,0.00159,0.0953743,0.0315632,0.0980499,0.1678465,0.3105269,0.2233528,0.0,0.0286123,0.7226497000000001,0.0,0.0,0.0,0.0,0.0,0.0,0.00278,0.0,0.0,0.0,0.0,0.0,0.0,0.0,0.0,0.0,0.5605319999999999,0.0,0.0,0.0,0.0727273,0.0695056,0.0569382,0.1225727,0.0627777,0.1478567,0.0029,0.2054711,0.1973847,0.2675585,0.0866372,0.1999655,0.1411632,0.1805053999999999,0.1964395,0.2720212,0.0572463999999999,0.2580948,0.3802123,0.1823867,0.5670088999999999,0.5350950999999999,0.3482518,0.5503993,0.120919,0.0,0.5161149,0.3863667999999999,0.8698713,0.3504059,0.6157943,0.0565189,0.0305622999999999,0.2765227999999999,0.034173,0.1807773,0.2168936,0.2083078,0.0235598999999999,0.0176585,0.0123088,0.1424686,0.285656,0.0194865,0.0886582,0.0527303,0.0275224
genus_Oscillibacter,0.087575,0.0317125,0.0454752,0.094105,0.2729787999999999,0.0,0.4146753,0.6235514999999999,2.5927206000000003,0.7208705999999999,0.8926382,0.3718589,1.502036,0.1384822,0.4142749999999999,1.146702,0.1835449999999999,1.160546,0.7913975,0.4095665,1.2993292,3.6838683,1.0136199,2.8019587,4.1781959,1.6391976999999998,2.2800975,7.6766765,2.0299932,0.8097330999999999,2.3709902,1.3223866000000002,1.3574661,3.0382807,6.5398185,2.9754204,1.1166987,1.1931862999999998,0.4248325,0.0365722999999999,2.6129467,0.3805518,1.5607985,0.7694281,1.2572865,4.8306148,1.9821517,1.2324588,6.207031300000001,1.162301,0.9272784,0.5572816,1.7422536999999998,0.2025475,0.4310757999999999,0.3767826,0.0861719,0.2122579,0.5104211,0.5600723,0.2261712,0.3434876,0.2340262,0.0244723,0.6415145,0.9890834,0.6662381,0.7427327,0.507363,0.00475,0.1332198,1.6912775000000002,0.846639,0.7136623,0.0317453,1.2391931,0.1695699,0.5649718,0.0550474,0.1533574,0.2955105,0.4925068999999999,0.6500683,1.2931892,0.8508148,0.6117713,0.7004248000000001,1.0264722,0.3059828,0.6247159999999999,0.2446423,0.681088,2.1888639000000003,3.1795083,1.2958354,0.9938493,1.8426896,1.2670136,0.9558932,0.3957976,0.1949686,0.24689,1.1550893,3.7717983,3.7095544,4.5318543,0.8228962,2.264549,1.1438023,2.393896,3.4794246,0.8984031,0.66077,0.4961809,1.7572477,1.8536474,0.7696693,0.653404,0.2912383,0.7343263,5.342636,5.3723997,2.2083882,0.7199807,1.0173274,0.4496059,5.2984896,4.811232599999999,0.5262039,0.8139062,0.1405698,1.0727273000000002,0.91284,1.4898816,2.1030901,1.3255747,0.8445374,0.0550198,1.6376349,0.643145,0.5143582,2.2814473,0.6378211,1.049313,3.9214801,1.0988336,2.2728086000000003,1.8986738,1.4195214,2.1245926,2.3710266,0.509207,0.6606481,0.4896214,0.2503777,3.8521334,0.0,0.3678691,1.5822639,1.2318986,1.7637096,0.8841641000000001,0.7505708,0.4915444,0.3505219,0.1757469,0.7683037,0.8916736999999999,0.428869,0.5359877,0.0776973,0.073853,1.7484782,0.841665,1.0766308,0.5535734,2.618936,1.6403369
genus_Parabacteroides,3.7683775,5.6183932,1.8894952,2.6214963,0.00374,0.00544,3.8726455,3.4488467000000003,2.39518,2.2735149,1.6103454,2.5992563,1.8409695,2.2552821,3.5887197000000004,4.1508719,1.8034029,7.1425288,2.4907762,1.4345436,2.1816644,4.0012342,5.5109022,3.0848749,4.2150895,2.7717343,3.8336811,1.8589599,2.7164786,2.0222982,6.944444399999999,0.213086,2.4240465,2.8556078,1.1844758,2.0213454,2.869398,2.0763011,3.2994294,0.1645751999999999,1.7026298,0.8061689000000001,1.0284332,5.850503,0.7543719,0.5227938,1.3543208,0.7931666,0.6640625,8.5403857,2.9212588,1.7951373,3.4362603,1.3635414,4.2820194,1.3592788999999998,0.9884428,0.4038796,2.3252517,1.770551,2.9960347,3.4487544000000003,2.5127021,3.1997553,2.3641829,5.7513371,2.2733914,3.0477654,7.8826878,7.3673218,8.230142599999999,12.0192308,7.8924939,12.5165395,1.376386,0.9702209,0.7060274,0.5738924000000001,2.5702913,1.1100157,2.261792,0.4221487,0.9230969,2.8980702000000003,2.9958585,0.5906758,1.5271557999999998,5.361966499999999,3.9697238,5.486142699999999,2.328995,0.2527308,1.7524137,1.8678753,2.7635934,0.8895993,0.8103159000000001,6.319055199999999,3.4090574,3.8066413,0.0,2.4147433,0.5192603,0.2998501,1.2092821,0.6494928,1.1955284,1.2656657,2.3015818,0.5340963,2.4021412,3.5044577,3.7200832,0.8976257,2.5802625,24.7761364,4.4754846,0.4657241,1.1579354,1.1499827,10.0783714,1.4580238,5.6209388,2.6624789,0.5775794,0.9130993,1.1587949,1.7008298000000002,1.6636547000000002,0.9418057,1.5496966,0.9090909,0.1899819,0.4934639999999999,0.8279036,0.5963879,0.5137394,0.1129355,0.5826791,0.656304,0.5973936,0.375428,0.7722806,1.0116695,0.5234657,0.7059546,0.7337414,0.5629234000000001,0.4809947999999999,2.3314114,1.1776966999999998,2.5818172,3.2554107,1.3137025,1.3511763,2.0297115,0.0,1.2408719,1.209696,5.10358,2.0031537,0.6948489999999999,0.9223883,0.8430114000000001,3.0612245,1.0007811,1.3859596,2.0002410000000004,1.2988604,0.5477677000000001,1.3950203,2.5571591,1.3145966,2.6933279,0.6722853,2.2121310000000003,0.5595266,0.4403589
genus_Parasutterella,0.00265,0.0369979,0.0,0.0067199999999999,0.0,0.0108755,0.0140568,0.0,1.0222726999999998,2.2527206,2.287181,4.1768396,0.0,0.0,0.0199651,0.6965504,0.5069339,2.8151859000000004,1.0163354,0.0,1.7828005,0.0,0.0,0.0,0.0,0.0,0.0,0.0,0.0,0.0,0.0,0.0438706,0.9965525,1.4479516,1.5625,0.6549159,1.1314894,0.8477903,0.6356983,0.00229,1.2980445,0.0450653,0.2056866,0.3334188,0.4343354,0.0209118,0.1614421999999999,0.2196460999999999,0.1210938,1.0275415,1.9032444,0.0,0.0,1.196492,3.0462688,1.2209663000000002,0.3903082,0.4451519999999999,1.7014037,1.1623005,1.2835952,1.2629242,0.0,0.2141328,8.272396899999999,16.037805,1.7415698,0.3542921,3.4525430000000004,0.0,0.0,0.0,0.0,0.0,0.0,0.0,0.9280099,0.0,4.4419038,1.8841056,0.0,0.0,0.0,0.8488627000000001,0.7967948,0.00703,0.0,1.4991896,1.0709397,0.1135847,0.00489,0.5440137,0.727417,0.7828595,0.8775755999999999,0.4830245999999999,0.9583544,0.0860689,0.205045,0.0814877,0.0,0.0,0.0105971,0.0631263,0.076261,0.1678465,0.2328951,0.0186127,2.3598202,0.152599,0.2810304,1.8399138,3.0541103,1.1036769,2.5209461,1.5342497,0.9799031,0.1529243,0.0,0.0,0.0,0.0,0.0,2.0874607,1.8311893,1.2672291,0.255734,0.2802659999999999,5.7882428,0.2441719,0.0102856,0.369697,0.5143413,1.7793172,0.8795130999999999,1.6756809,0.0,0.0,0.0,0.0,0.0,1.9266471,0.5930012,1.4210427,0.2888087,2.2590546,1.1310355,1.7841809,8.0068043,0.1838389,1.5476811,1.1890672,0.4693292,0.362044,0.4187352,2.6515806,0.0,0.3459068,0.2713767,1.372687,0.4204871,0.2454856,0.0271291,0.017828,0.0116841,0.0,0.0753239,0.0602482,0.0367602,1.1662151,0.0141268,0.0123088,0.0259034,4.4149153,1.6904565,1.889934,0.1552613,2.3614246
genus_Phascolarctobacterium,1.3481238,3.6522199,0.6548431,1.472071,0.0,0.0,0.5903852,0.2427987999999999,0.651884,0.4921328,0.9237007,0.2929798,0.00244,0.0,0.0,0.0,0.00291,0.0,0.0,0.2016001,0.0241736,0.9509956,0.2329437,0.8596299999999999,1.1667589,0.837481,0.7516529,0.2859937999999999,0.6511299,0.6022135,0.8833101,0.4199047,0.4309416,0.6554735,0.2646169,0.4932083,0.7469309000000001,0.2943716,0.6760109000000001,0.1417175,2.8489548,1.3169095,2.7586207000000003,0.9717591,0.3086067,1.5474697000000002,0.8565407,0.4636974,1.3828125,1.162301,2.7685566,0.0049299999999999,0.0,0.0,0.00958,0.5532503,0.4409976,1.1408862,0.2410322,1.0117435,0.6168307,0.6175838,0.3294842,0.1193024999999999,6.0024225,1.0037365,1.2857226,0.9860417,1.2003465,0.00475,0.00109,0.0,0.0,0.0,0.0430829,0.7204611,0.8062278,0.8623253000000001,0.0,0.0,1.0759614000000002,1.5971294,2.2102321000000003,1.2533988,1.9154587,2.5806905,2.3003024,0.0270124,0.00805,0.0113585,0.0146785,0.00857,0.0,0.0,0.0,0.0,0.00779,8.5488391,5.938929,3.6058322,0.0,0.5017442000000001,0.0,0.0,0.00545,0.0,0.8280716,0.0,8.9966688,1.8502623,1.6728003000000002,0.6897227,0.6347555,0.6536799,0.0,0.0,0.0,0.8202305,1.0947753,1.3370281,0.0,0.0,0.0,0.0,0.0,0.00347,0.0,0.0,0.0,0.0,0.0,1.0424242,0.5421436,1.6962824,1.9547126,1.262797,0.2405804,0.0,0.9016192,0.810922,0.5258909,4.3153595000000005,2.7029822,3.1620553000000005,2.7030686000000004,3.4376918,2.7595834,5.8963839,7.426090999999999,1.174062,3.1787389,0.2945143,0.3766591,0.4896214,0.317289,1.7101399,4.2253521,1.8503267,0.8049308,1.6190668,0.6424108000000001,0.7031705,0.0203467999999999,0.0789527,0.0584203,0.1464558,0.3012956,0.6627303999999999,0.0980272,0.9306161,0.5721349,1.9294089,0.7188188,1.6272189,2.1678765,3.0100551,1.7547457,2.0146419
genus_Prevotella,0.00531,0.0052899999999999,0.00227,0.0,0.0,0.0,0.0,0.0,0.0,0.0138629,0.00163,0.0,1.1484724,0.0712194,0.1946592999999999,0.421721,3.0182962,0.2849658,3.0298043,0.0,1.8915816,0.0396706999999999,0.0021,0.00816,0.00461,0.0,0.00503,0.0,0.00589,0.0,0.00581,0.0,0.0,0.0,0.0,0.00809,0.0073999999999999,0.0,0.0,0.00686,0.0,0.0,0.0,0.00855,0.0,0.0209118,0.0224224999999999,0.0,0.0,0.0,0.00885,0.0,0.00536,0.0,0.0,0.00954,0.0,0.00295,0.00709,0.0,0.0,0.0,0.0,0.0,0.0,0.0,0.0,0.0,0.0,0.00475,0.00218,0.0,0.0,0.00141,0.00227,0.0,0.00308,0.00297,0.0,0.0219082,0.0,0.0211074,0.0910096,0.0132635,0.00675,0.0,0.0114824,0.0,38.3042113,11.0177192,77.91369019999999,0.0942386,0.0198385999999999,0.0137343999999999,0.00257,0.00347,0.0,2.9583667,8.1988494,31.759844,0.0,0.0812348,36.2237058,56.9951866,32.4163852,24.8193826,1.6923714,21.5597469,0.034943,0.0,0.0,0.0,0.0,0.00592,0.0667309,0.0,0.00356,0.00278,0.0,0.0,2.5518494,36.6827637,5.707275,59.091568,80.0932003,74.4800889,27.4434588,0.0164862,61.087488,54.415441,71.6288957,0.0,0.0,0.0213518,0.0236544,0.0,0.00376,0.0029,0.0,0.0,0.0,0.0,0.0069,0.0376434999999999,0.0,0.0,0.0143169,0.00954,0.0058699999999999,0.00209,0.0,0.0275247,0.00299,0.00345,0.0,0.00864,25.352112700000003,0.0109812,0.0,0.0100563,0.0116802,0.0,2.0098117,3.4153423000000003,13.2575167,20.1279047,37.1648087,21.8339559,4.0436221,0.01178,5.2657602,0.5815921,1.4959202,0.0,0.0,0.010812,0.0263651,0.0
genus_Roseburia,1.8894963,0.4915433,0.0636653,0.1344357,5.470795,18.0478521,1.602474,0.0,4.5483728,3.9439939,0.9138915,1.1043083,1.8434079,1.8200522,3.853256800000001,1.8148218,7.1524298,3.1828837,6.819459899999999,2.0329775000000003,2.5442678,0.6666887,3.0408596,2.8427639,0.0968456,2.6882842,0.726514,0.1655753999999999,0.6982705,2.6245117,0.8426313,0.8523439,6.7173023,1.0879785,1.3986895,1.4957956,1.4199083,4.6706963,0.666708,0.5257263,0.6490222999999999,0.2603775,1.6333938,2.6502522,0.1828779999999999,0.8364701,0.9955603,6.9249542,2.3007813,3.1836941,1.8789005,3.0576515,3.7739895,1.6997285,0.2682249,3.5627415000000004,2.3038321,2.3967454,0.5316886,1.6260163,1.8064327,1.0998543,0.6004619,0.00306,0.0,0.0,0.0,0.4951551999999999,0.0,12.8595842,2.7517526,2.8674451,2.0398886000000003,1.6004617,0.911544,0.4034582,1.5954987,2.9051442,1.9859417,0.0730273,4.356885800000001,4.995426699999999,15.2375999,3.7535646,5.4200054,8.452288900000001,1.8984193,3.3225284,0.3784524,0.9313948,0.4550346999999999,4.2792889,2.9427324,2.987227,2.5916707,3.0232477,2.4893841,0.2081664999999999,0.2168460999999999,0.1135008,7.169811299999999,0.00637,2.3313729,0.7732976,0.9205796,1.5835948,2.7067591,0.6266286,1.2486314,2.1936099,3.4593510000000003,0.3732731999999999,0.7440166,0.5968382,0.16312,0.1368847,0.9086374,0.1362417,0.0,0.0,0.6451305,1.6623328,2.1856682,1.0195699,0.7219743,1.5362983,1.0069528,0.2665274,0.4943127,0.3662578,0.740563,1.6424241999999998,4.7588156,3.9975327,0.7354364,1.0261734999999998,1.2918666,1.4768482,2.220314,0.3569372,3.6235728,0.7137258,0.4206170999999999,1.7363072,2.7617329,5.672191499999999,2.9242278,4.2744013,2.3052557,1.9908916,1.0265763,0.4238804,0.9565945,0.1413696,0.3302396,0.9155295,1.4084507,3.7226157,0.5335541,1.0810539,0.4555277,0.5242573,0.7189203,0.6341687,0.8801994000000001,0.4540129,0.677915,0.2530425,0.4533758,0.3592885,0.4132085,0.1815552,0.4533091999999999,0.00255,0.00487,0.0129744,0.0,0.0165135
genus_Ruminococcus,0.0,0.0,0.00227,0.0,0.0,0.0108755,2.8394715,0.0,0.0,0.7624593,0.4495888,0.7775232,0.5852088,4.2256865,1.8916895,1.686884,1.1974129,2.6520200000000003,1.9654638,1.2180888,2.1877077000000003,0.9774428,0.6211831999999999,1.031012,0.1936912,1.8209996,2.4636115,0.3236246,1.9622286,1.3020833,0.9239888,3.6851341,0.0,0.6071189,0.4032258,0.3072445,0.8504659,1.1696365,1.2248822,2.2080505,0.8007416999999999,8.1367984,0.4355717,4.2347041,5.0634358,7.0054371,0.9327773,4.1244661,2.5664063,1.8782111,1.3964502,0.4241259,0.6808191,0.9104197,0.7280390999999999,1.0206515,1.3534063,3.139648,0.4749752,0.3854261,1.2072257,0.9818888,2.1555042,0.0,0.0,0.3809803,0.5902636,2.3818671,0.0,0.00475,0.0,0.1459478,0.522757,1.2626334,3.1904038000000003,1.3928915,0.3237243999999999,1.7573595000000002,0.0,0.00365,3.538549,0.5417575,1.4626536,0.2652696,0.5694607,3.0026018000000003,0.7233896,1.2155592,0.0,0.0,0.00489,1.6020561,1.7987039,1.4146408,0.0,0.00347,0.0,3.805044,6.8800708,0.4598236,0.0,0.00319,2.2280507000000003,0.8522055000000001,0.3213858,0.5473254000000001,0.8021944,1.2160318,0.3447714,0.0,0.1940448,0.2899971,0.2029136,0.5293386,0.0148291,0.0,0.0,0.1723874,0.0,0.00693,1.5435344,0.0278602999999999,0.0,1.3143271,0.1378315,0.1597056,0.5274515,1.3463758,0.1966621,0.151154,0.0,0.7515151999999999,0.6116491,1.0581006,0.9891835,2.484547,0.0,14.6700258,3.4378067,2.0149683,1.7875678,0.0,0.0,0.0,0.0,0.0,0.6371023,1.0495182,0.1935711,1.0027576,0.9953101,0.6550879,1.2704771,0.9413144,1.2605223,0.1727414,1.4084507,0.7851535,2.2216089,0.925181,0.4204871,0.5700258,3.3707864999999995,2.8066422,4.887833,3.3440734,1.0545345,1.3736595,4.5950251,0.0,0.0,0.0,14.3439969,0.0153029999999999,0.0292298,0.748189,1.8689946,0.0
genus_Streptococcus,0.374184,0.6976744,0.8890405,0.1075486,0.0186972,0.0543774,0.0210852,0.1103631,0.00494,0.00693,0.0147137999999999,0.0112684999999999,0.2072615,0.3402706,0.1147990999999999,0.00474,0.00874,0.0183849,0.048005,0.0360758,0.0362603,2.2061335,0.0650563,0.0353645,0.00461,0.0387447,0.0251389,0.0225784999999999,0.00295,0.0244141,0.0523013,0.9526197,0.00539,0.0188046,0.0126007999999999,0.0,0.0147906999999999,0.0,0.3380054999999999,7.136163099999999,0.1685772,1.1116118,2.7465215,0.170984,0.0800091,0.083647,0.026907,0.0244051,0.03125,0.0,0.00664,0.0,0.0268039,0.0292336999999999,0.0,0.0,0.00507,0.0088399999999999,0.0,0.00602,0.0058699999999999,0.00694,0.0277135999999999,0.0122362,0.1390696,0.1465309,1.4084507,0.8707901,0.0,0.0142409999999999,0.0469544999999999,0.0600962,0.00568,0.00704,0.0113376,0.0,0.00154,0.0743384,0.1143293,0.00365,0.0265202,0.00704,0.0065,0.0,0.013505,0.00703,0.0114824,0.0,0.00805,0.0,0.0,1.9618762,0.0,0.0,0.00257,0.010425,0.0194787,0.006,0.0368786,0.00582,0.1761006,0.0175212,0.0158957,0.0157816,0.1960998,0.1240604,0.00518,0.1054721,0.0186362999999999,0.00954,0.0133824,0.0117566,0.0104058,0.0165787999999999,0.0,0.0,0.00713,0.0931448,0.00351,0.2216834,0.6069005,0.0557207,1.0860181,0.0918095999999999,0.0262536,0.2256709,0.0639335,0.0906743,0.2551292,0.0639498,0.0857133,0.0121212,0.0278022,0.0616829999999999,0.0365568,0.0193162,0.2017367,0.1505805999999999,0.0153337,0.0180936,0.0553568999999999,0.0,0.0,0.117636,0.00451,0.0,0.0250546,0.0381643,0.0,0.00836,0.0208442,0.0137624,0.1434891999999999,0.0172402,0.00216,0.0,0.0,0.0,0.0092,0.00503,0.0233604,0.0124823,0.0429544,0.0993276,0.1441034,0.0976372,0.0,0.0120496,0.0367602,0.01178,0.0141268,0.0123088,0.0129517,0.0382575,0.0828178,0.0843334,0.0205062,0.0385314
genus_Veillonella,0.0159227,0.0211416,0.00227,0.0134436,0.6506619,0.0543774,0.0,0.0,0.0,0.00693,0.0163487,0.0,0.1267953,0.0514363,0.0,0.0,0.0203939,0.0023,0.0123442,0.00637,0.0,0.971933,0.0125916,0.00272,0.0,0.0178822,0.00251,0.0,0.00295,0.00814,0.00581,0.0,0.0,0.0,0.0,0.00809,0.0,0.0,0.0,0.0,0.0,0.0,0.0,0.0,0.0,0.0,0.0134535,0.0,0.0,0.0,0.0,0.0,0.0160822999999999,0.00835,0.00958,0.0,0.0,0.0235842,0.0,0.0180668,0.0058699999999999,0.0,0.0,0.00306,0.0358889,0.0439593,0.1402607,0.2603833,0.0,0.0,0.00109,0.0686813,0.0,0.00141,0.00227,0.0,0.0138739,0.0327089,0.0127033,0.0,0.0340974,0.00704,0.0,0.0,0.0247592,0.00703,0.00383,0.0,0.0,0.0,0.0,18.2437353,0.0066099999999999,0.0,0.0077,0.024325,0.00779,0.002,0.0,0.0,0.0314465,0.00478,0.0,0.0,0.00545,0.1678465,0.0,0.0310212,0.0,0.00954,0.00669,0.0195944,0.0,0.00237,0.0222436,0.0,0.00713,0.0305849,0.0315801,0.0138552,0.0,0.00464,0.0181759999999999,0.0144962999999999,0.00656,0.00347,0.0,0.0,0.0478367,0.00581,0.00686,0.0,0.0185348,0.0260967,0.010752,0.00483,0.0,0.0,0.0184004,0.0,0.0576635,0.0,0.0,0.0,0.0,0.0,0.00358,0.0,0.0058699999999999,0.00418,0.00521,0.0,0.0,0.0,0.0,0.0,0.0,0.0,0.0046,0.0,0.0,0.00208,0.00452,0.00764,0.00779,0.00976,0.0,0.0120496,0.0490136,0.0647897,0.0953557999999999,0.4061913,0.0,0.010202,0.0,0.00432,0.0,0.0055
genus_unclassified_Bacteria,0.0132688999999999,0.0,0.00227,0.0,0.00748,0.00544,3.8937307,0.0,0.0,0.665419,1.6250593,0.2591744,9.0390383,2.7696447,2.6803095,1.3172858,0.4981936999999999,1.6385530999999998,2.4043671,2.4892303,3.6381217,0.3878916,2.4070848,2.1708379,1.3835086,0.8404613999999999,1.5007919,0.9181907,1.3199375,1.1515299,1.7549977,6.4051141000000005,6.7550097,14.5762257,17.3261089,4.9563389,6.9812158,8.422953099999999,0.4651451,3.4126494,0.6321645,1.5322217,2.1052632,0.5357499,1.7830609000000002,1.944793,1.1973631,0.3721782,2.3398438,0.732755,0.3275351,2.2241949,1.7476144999999998,1.7623721,1.4369192,0.2766251999999999,0.8287713,2.3613691,5.6217213,0.9876543,3.1487737,2.1892998,0.00616,0.0550627,0.00449,0.0,0.0,0.0,0.0,0.0142409999999999,0.0,0.0,0.0,1.0754202,2.9591166,1.17195,0.5934947,1.2191496,4.810298100000001,0.923796,2.3565069000000003,0.7246887,6.8517194,0.8289674,1.4405329999999998,4.113634800000001,2.7213228,5.8076715,1.2802963,5.327124,0.3620706999999999,3.6410366,1.7987039,2.9528911,2.9611763,0.8061993999999999,0.9427714,5.642514,8.0749373,0.9574809,0.0,0.0,1.7432310999999998,2.043715,1.8520536,3.9480406,2.9603561000000003,2.1218513000000003,3.8786778,2.6609442,1.5724322999999998,1.1305966,0.541103,0.6051276,0.0222436,0.0855529999999999,0.7589795,1.0148615,0.0105267,0.00693,1.1182261,1.2676449,0.7452174,0.2029476,0.1115778,0.0815887,1.0868697,3.3631917,0.0637823,0.3081216,0.102856,0.7939394000000001,0.9545433,0.908638,0.2817023,0.3187174,0.1841944,5.7828744,0.8188175000000001,0.6595937,0.1868297,0.523949,1.0101707,1.9245248,2.3962094,1.4548803,1.5855972,8.6442133,3.1264664,5.0137879000000005,1.8603439,2.5763122,3.5692933000000004,3.1894352,2.633283,2.9279668,1.4084507,0.8949651,5.4321328,2.6749799000000003,4.736319600000001,1.7953732,4.1643117,4.6862266,1.1333541,5.4432728,0.6628503,4.133028100000001,5.048400900000001,0.0,0.0317853,0.0092299999999999,5.4526616,0.066313,0.1071759,0.0302735,0.1318256,0.0550448999999999
genus_unclassified_Clostridiales,0.00796,0.0052899999999999,0.0,0.0,0.00374,0.0108755,0.0562272,0.0275908,0.2222332,0.00693,0.783102,0.0112684999999999,3.9111458,0.6330616,1.6870477,1.8574678,0.2272461999999999,1.1007951,1.1534927,0.7512255,0.9790294,0.3845857,0.2119578,0.5603917,0.1798561,0.2712127,0.1256945,0.1354708,0.2533809,0.1424154,0.162715,4.5437453,5.5375997,9.9583613,8.8079637,34.5164942,2.4552581,2.1469503000000003,0.4403374,0.0891449,0.8766015,1.1216264,0.2903811,1.4191673,0.1485884,3.1576746000000004,4.0450244,1.7205613000000002,4.28125,1.3812853,0.5444163999999999,0.1676776999999999,0.1501018999999999,0.0751723,0.3448605999999999,0.8632613000000001,0.0025299999999999,0.0088399999999999,0.0,0.1626016,0.1174916,0.0173479,0.1200923999999999,0.00612,0.0179445,0.0366327,0.2922096999999999,0.0512229,0.0371241,0.0142409999999999,0.7261569,0.1717033,0.3011535,0.1914361,0.3469309,0.4995197,0.1402806,0.3627712999999999,0.0042299999999999,0.0,0.8031824,0.1407162,0.2730287,0.3315869999999999,0.1170433,0.3586246,0.1224787,0.378174,0.1368869999999999,0.0681508,0.0,0.6039837,0.8199974000000001,0.5493751,0.3387134,0.0694999,0.1441426999999999,1.8654924,0.287653,0.1105905,0.0125785999999999,0.058935,1.557781,1.6886294,2.8271053,4.2983288,0.5796501,0.6638541,0.0465907,16.127801599999998,9.4011375,0.6035073999999999,0.301769,0.1421043,0.0,0.0228141,0.0106898999999999,0.0347555,0.0385978,0.2771042999999999,0.7693778,0.1114413,0.6043532,0.0241604,0.00656,0.0225671,0.231759,0.5632797,0.00532,0.0523225,0.058285,0.1515152,0.1807145,0.2752011,0.296755,0.2511106999999999,0.1365795,0.0231661999999999,0.2760059,0.1200757,0.1476185,0.1113907,0.0275815,0.0470543999999999,0.1218412,0.0613874,0.1252729,0.5247591,0.0586579,0.8398095,0.0364773,5.1058325,7.63482,2.4308668,0.423052,1.105545,0.0,1.3781365,2.5803781000000003,1.0156879,6.2547451,3.3827077999999995,1.433319,2.9314385,0.736096,0.0781097,0.0753239,0.0843475,0.2328146,0.0942395999999999,0.0,0.00308,0.7058671,0.3902265,0.3166561,1.0768732,3.8903211,0.3467826
genus_unclassified_Coriobacteriaceae,0.0,0.0,0.0,0.0,0.0,0.0,0.0281136,0.1986536,0.1086472999999999,0.1178346,0.024523,0.0525861,0.0950964,0.3046609,0.1397554,0.0189538,0.034961,0.041366,0.1344141,0.0212211,0.0906509,0.3008364,0.1615916,0.2203482,0.0276702,0.0119214,0.0150833,0.0,0.0088399999999999,0.0203451,0.0523013,0.5139133,0.0754147999999999,0.1047683,0.2772176999999999,0.1131953,0.0887443,0.0392495,0.0589183999999999,0.1005737,0.1348618,0.2002903999999999,0.0,0.1652845,0.2285975999999999,0.1463823,0.2331943,0.0610128,0.1210938,0.0589573,0.0951621999999999,0.049317,0.0268039,0.0104406,0.0670562,0.1096962,0.0076,0.0176882,0.0567135,0.00602,0.0293729,0.048574,0.00616,0.0,0.2153335,0.0512858,0.00584,0.0426858,0.0804356,0.0,0.0,0.0,0.0,0.0,0.0430829,0.0,0.0,0.0683913,0.0,0.0073,0.00379,0.0140716,0.0,0.00663,0.009,0.0,0.00765,0.0,0.0322087,0.0227168999999999,0.0,0.1285072,0.0198385999999999,0.0412031,0.010264,0.0278,0.0116872,0.0560448,0.1814426999999999,0.0203719,0.0031399999999999,0.0,0.0582843,0.1578158,0.1361804,0.2189302,0.0207018,0.4777268,0.0139772,0.0762995,0.0535296,0.055844,0.0416233,0.0213156,0.2150219,0.0057,0.0320696,0.0264142,0.0,0.0415656,0.2293797,0.0510772999999999,0.0272641,0.0241604,0.0,0.00174,0.0159834,0.0769358,0.0,0.0,0.0,0.0545455,0.0139011,0.0142344999999999,0.0279552,0.00483,0.0137833,0.2171835999999999,0.0245339,0.00822,0.0092299999999999,0.1361442,0.0310290999999999,0.192923,0.4061372,0.5893186,0.0680053,0.5724645,0.0821211,0.0313362,0.1042209,0.0220198,0.0358722999999999,0.0413765,0.015109,0.0604595,0.0,0.0274529,0.0505956,0.0351971,0.0233604,0.0249646,0.2283363,0.2725143,0.00389,0.0292912,0.0150648,0.0,0.0122534,0.01178,0.0,0.0,0.0971377,0.8952254999999999,0.993813,0.1189318,0.0205062,0.1321077
genus_unclassified_Erysipelotrichaceae,0.00265,0.0158562,0.0,0.0,0.0149576999999999,0.0380642,1.0753444,0.0110363,0.1284014,0.0554516,0.1896447,0.548398,0.2974812,1.9901875,1.6121787,0.5259666,0.7924484,0.3699959,0.8901507,0.2355537999999999,0.6768599,0.2997344,0.4784789,0.2693145,0.2997602,0.4768575,0.1055832999999999,0.0,0.0353555,0.2766927,0.1046024999999999,0.00627,0.3178194,0.2955003,0.6804435,0.0404269,0.5176748999999999,0.0745740999999999,0.1612502999999999,0.2171478,0.4888739,0.9463722,0.0967937,2.8867801,1.3030061000000002,0.7946465999999999,3.4306471,0.3721782,2.7929688,2.0719279,1.4805471,0.3057652,0.1608234,0.7287534,1.0633202,0.0,0.4409976,0.4333598999999999,0.1134269,0.1746462,0.2349831,0.2463396,1.1331794,0.0091799999999999,0.0134583,0.00733,0.0350652,0.00427,0.0433114999999999,0.0569638,0.00328,0.0,0.0,0.3293826,1.4126664,0.0576369,0.0200401,0.2230152,0.0,0.0,0.0,0.0281432,0.0065,0.0,0.0045,0.0,0.1263061,0.4592112,0.2093565999999999,1.1472058,0.127214,0.0,0.0,0.0137343999999999,0.0,0.00347,0.0039,0.1901521,0.2655259,0.0407439,4.4339623,0.157691,0.2172415999999999,0.0946895,0.3213858,0.2627162,0.2587724,0.1302891,0.0396021,0.5340963,0.1873536,0.0754384,0.1768991,0.1030256,0.0,0.0513318,0.0285063,0.1473634,0.1824625,0.2978871,0.578228,0.2460996,0.8724497,0.1014738,0.0525072,0.223935,0.1438504,0.3846788,0.0797279,0.0348817,0.4319950999999999,0.2,0.4355683,0.1518351,0.086016,0.1038246,0.0814465,5.0415545,0.5336114000000001,0.1463936,0.2283474,0.474442,0.0827444,1.2375306,2.3691336,0.8103130999999999,0.5404632,2.5951722,0.6276396,0.0,0.3960396,0.9220776,0.7891904999999999,2.082615,2.1972804,0.1727414,0.0,0.5874925,0.7313371,1.9861223,0.5197687000000001,0.9403345,1.3722786,0.8175428,1.9707119,0.9666081,0.5875264,0.7591276,1.0782992,0.2532688999999999,0.1907115999999999,0.3815737,1.5347753,0.8697204999999999,6.4110683,1.9093956,1.8016171,0.9137447
genus_unclassified_Firmicutes,0.1539196,0.0739958,0.00455,0.0268871,0.7815420999999999,0.0,0.2881642,0.1710628,0.1382784,0.1316975,0.2811974,0.1540022,0.1024114999999999,0.1978318,0.2495633,0.2653525,0.1136230999999999,0.0482603,0.1426435999999999,0.1273264,0.3746903,0.0595061,0.5519297000000001,0.2856366,0.0415053,0.0953715,0.0703888999999999,0.2032061,0.0500869,0.0325521,0.0290562999999999,0.1942843,0.3285929999999999,1.4184016000000002,2.5705645,0.1212807,1.3903269,0.5141691,0.1550484,0.1005737,0.0252865999999999,0.0500725999999999,0.0241984,1.5417059,0.0342895999999999,0.167294,1.3363828,0.2013422999999999,0.9570313,0.3200539,0.0973753,0.0443853,0.1072156,0.0793485,0.1053741,0.2337006,0.205292,0.333127,0.0141783999999999,0.0120446,0.0352475,0.0312261,0.2925327,0.0091799999999999,0.0,0.0952451,0.3038981,0.0426858,0.0185620999999999,0.659831,0.0131036,0.0,0.0170464,0.0760113999999999,0.6303712,0.0384245999999999,0.00925,0.1100208,0.1693767,0.0803301,0.1250237,0.0773939,0.3510369,0.2586378,0.3376249,0.0281273999999999,0.0459295,0.0810372999999999,0.0161044,0.0,0.00979,0.11994,0.0991932,0.0480703,0.0256601,0.0139,0.1051852,0.1281025,0.030978,0.1455138,0.0,0.0445995,0.0794786,0.1183618999999999,0.2832553,0.3429906,0.3726321999999999,0.2853951999999999,0.1514199,0.1335241,0.7962528999999999,0.042128,0.0260146,0.0426313,0.0,0.0,0.0106898999999999,0.1334612,0.0245623,0.0,0.1051324,0.00929,0.2862725,0.00483,0.0,0.00521,0.0319668,0.046711,0.0,0.0,0.0,0.0484848,0.0695056,0.2064008,0.4924412999999999,0.3404481,0.0501208999999999,0.3445979,0.0552012,0.0345423,0.1430054,0.0825117,0.0930874,0.0611706999999999,0.0812274,0.1964395,0.2326497,0.3721019,0.1525106,0.2172641,1.54247,0.2945143,0.2780103,0.2172264,0.1446147,0.1468302,0.0,0.0878493,0.2253806,0.1860418,0.4905681999999999,0.1997170999999999,1.8108652,1.332009,1.4527185,0.2001562,0.406749,0.1084468,0.673937,0.0235598999999999,0.0176585,0.0092299999999999,0.0712343,0.00255,0.0243582,0.103795,0.00293,0.0385314
genus_unclassified_Lachnospiraceae,1.8470357,4.2019027,0.7935424999999999,0.4772468,5.4334006,16.5198477,4.2802924,3.7523452,2.5433355,5.6976502,3.4087008,4.5224054,2.7431665,2.3146316,5.7249813,3.3453374,2.9396341,4.1365997000000005,6.1309303,4.7280521,8.6360065,4.0133558,8.3628885,17.4673558,2.8408043000000003,4.5957142,3.6049172,2.4836306,6.9296721,4.7810872,3.1671316,8.6550514,9.6046111,7.6964406,5.7207661,6.4036223,3.8973525,11.6806657,3.5506078000000003,10.093945,6.6082266,3.9156777,1.8632789,7.3010174,3.9318779,8.0301129,7.7223194,13.770591800000002,8.109375,7.167523000000001,7.2323286,2.9984712,8.8881741,4.8736688,3.2570170000000003,3.6008966000000004,2.9171736,8.3193302,3.6721962,1.8608853,2.5877515,3.1573104,7.183987699999999,1.3582135,8.465299900000002,2.0660854,2.2558588,5.3784095,2.0727633,14.5067882,6.1248335,2.7730082,3.1990454,2.7181104,3.7572844,4.2074928,1.7511947,6.580434100000001,5.8180894,4.5788148,6.686872500000001,14.4163794,12.266788,10.2195106,8.1277573,2.0181422,1.5769128,5.1863857,1.9808358,3.1576556,0.9149623,5.3458985,8.4380373,4.4362038,3.9644864,3.2664976,4.515173900000001,6.3650921,4.1613807000000005,4.0336428,9.3962264,0.7677482,7.4842367,3.4403851,4.2324872,7.750127699999999,7.944312200000001,5.9622782,2.4087404,8.6218407,9.3208431,4.2980308,5.2705515,5.125229399999999,3.2846445,5.7434552,2.6867161,7.3890256,2.2316573,0.5680637,5.1036987,1.8294948,3.5397828,3.7980188,0.8598056999999999,1.718571,4.5312875,3.2972468,3.034974,2.4707866,0.7028491,4.3333333000000005,9.3044808,2.9133354,4.1395179,5.0391153,2.6752039,8.0010425,7.504293400000001,2.8801711,7.5170107,2.2113123,1.0411998,5.8959157,4.8781588000000005,4.1927563,4.620781,6.7741628,5.4962459,9.1021141,3.2100052,4.871872499999999,3.6111443,5.7340873,3.8786963,2.2024529,7.042253499999999,14.2645363,7.989512899999999,3.9320193,3.5215792,4.8077723,4.8334954,3.8228403,4.934569199999999,12.3803945,5.3479964,4.6752621,4.7175591,5.2244081,2.832421,4.0496046,3.7754177,3.0657009,4.6670239,4.3939885,0.9784392,7.3760114
genus_unclassified_Porphyromonadaceae,0.00265,0.0052899999999999,0.0,0.0,0.0,0.0,0.267079,0.0,0.0,0.0,0.00163,0.0112684999999999,0.0,0.0,0.00499,0.00948,0.0,0.0,0.0,0.00212,0.0,0.1300318,0.0314789,0.0136017,0.1152924,0.0,0.0251389,0.0,0.0,0.0,0.1278475,0.0,0.0,0.0188046,0.0126007999999999,0.1617076,0.0961396,0.1609231,0.0,0.0,0.0,0.0,0.0,0.0455957,0.4229055,0.0209118,0.0807210999999999,0.0366077,0.0117188,0.0421124,0.2611428,1.3019677,1.7744184,0.8081019,0.5651882,0.0,0.0,0.0,0.0,0.0,0.0,0.0,0.1077752,0.0367085,0.1211251,0.0512858,0.1636374,0.0384172,0.2165574,0.0,0.0,0.0,0.0,0.0,0.0,0.0,0.0,0.0,0.0,0.0,0.0,0.0,0.0,0.0,0.0,0.0,0.0,0.5402485,0.1690957,0.7269422999999999,0.1712496,0.0,0.0,0.0,0.0,0.0,0.0116872,0.0,0.0,0.0,0.0,0.0,0.0,0.0,0.00545,0.0,0.0776317,0.0,0.0,0.9251311,1.9872867,0.0,0.0156087,0.0,0.0,0.0,0.0,0.0,0.00351,0.0,1.0895537,0.4921990999999999,0.545281,1.3143271,1.2339197,0.5242509000000001,1.2706785,0.3022476,2.227065,0.2964944,0.5794218999999999,0.1393939,0.078773,0.1874214,0.711782,0.1183118,0.4147505999999999,0.00579,0.2146711999999999,0.2730488,0.5328105,0.0,0.0,0.0,0.0,0.0,0.0,0.0,0.0,0.5932982,0.0,0.1706532,0.3138826,0.1655058,0.5007555,0.0604595,1.4084507,0.0603964,0.3449703,0.1659292,0.3095252,1.1837396999999998,0.0,0.0,0.0506309,0.0,0.0,0.0,0.0245068,26.2044999,0.0,0.0,0.1036135,0.3698225,0.2484533,0.2702995,0.1728381,12.1318875
genus_unclassified_Ruminococcaceae,0.3370309,0.3012685,0.0682128,0.282315,0.0785281999999999,0.021751,4.9128479,0.1931353999999999,0.958072,0.8941568000000001,5.9394772,1.2770912,7.4857965,2.7894279,3.7234839,5.5060652,1.882065,5.384474,4.9719513,8.2847017,3.9463347,3.4789029,2.1678454,4.975516900000001,3.4264896000000005,1.791196,1.8577641,4.463009,2.1625762,0.793457,2.0106927,12.2023063,7.7569489,4.6635326,5.3175403,4.9563389,5.4503772,4.1683021,2.5582982,0.8525909,9.0104518,3.4099444,1.8511797,9.7061925,2.8574694000000003,30.2802175,6.699852000000001,5.4728493,25.5351563,9.6858418,2.9323242,2.0663806,4.787177,1.0649405,2.3278092,1.4165117,0.1647405,1.6744789,1.3823905,1.1984342,1.1954766,3.3654847,0.6774442,0.0581217,0.6460006,0.3956333999999999,0.6837707000000001,1.1653221,0.7424824,0.99212,0.0906331,4.0865385,0.806864,2.5125982,0.9364867,3.76561,0.3221828,2.1439191,0.7833672,1.6540694000000002,2.9588937,4.6436361,2.0737177,4.609059,2.3363645,2.6017861,1.6917365,1.9719071,0.5233916,0.9995457,0.3718563,0.591133,3.1543447,2.6850707000000003,2.653255,1.8000486,1.4998636,2.8843074,1.7834488999999998,1.443497,1.3616352,0.7311129000000001,8.5889896,11.2917226,10.7419109,15.5002554,4.0109719,11.0435538,2.1431733,8.1640439,16.212780199999997,3.073381,2.9084287,2.1363017,7.6295692,3.5361889,1.6676169,1.8392626,0.8877503999999999,4.2327676,19.4590462,5.6927935,23.0563003,2.6914714,2.185613,2.1126272000000004,7.879804999999999,11.8041435,1.280961,1.6394395999999998,0.154284,1.4727273,0.4123998,1.262129,2.1654517,2.8708712000000003,0.5538361,4.0367185,3.3243376,0.9836335,1.1671088,3.4819918,4.1406654000000005,6.3146998,5.0767148,9.5702885,4.398869,6.1444519,1.9650399,2.4630233,3.4549244,3.4543503,5.6349396,4.6100269,4.0794302,5.3895319,7.042253499999999,3.0911986,19.713904600000003,11.6301287,12.9124569,8.517100800000001,3.0022834,3.2981866,0.6737810000000001,0.8152705,1.5064779,1.1808652,0.7229506,0.9365061,0.0141268,0.1077022,3.3739153,1.3798204,7.7117942,2.5386528,2.1648699,3.2586558
