,0,1,2,3,4,5,6,7,8,9,10,11,12,13,14,15,16,17,18,19,20,21,22,29,30,31,32,33,34,35,36,37,38,39,40,41,42,43,44,45,46,47,48,49,50,51,52,53,54,55,56,57,58,59,60,61,62,88,89,90,91,92,93,94,95,96,97,98,99,100,113,114,115,116,117,118,119,120,121,153,154,155,156,157,158,159,164,178,179,180,181,182,189,195,196,197,198,199,200,201,202,203,204,212,221,222,223,224,225,226,230,231,232,233,255,256,257,258,259,260,261,262,263,264,265,266,267,268,269,270,271,272,273,274,296,297,298,299,300,301,302,303,304,305,306,307,308,309,310,311,323,324,325
Gender,0.0,0.0,0.0,0.0,0.0,0.0,0.0,0.0,0.0,0.0,0.0,0.0,0.0,0.0,0.0,0.0,0.0,0.0,0.0,0.0,0.0,0.0,0.0,1.0,1.0,1.0,1.0,1.0,1.0,1.0,1.0,1.0,1.0,1.0,1.0,1.0,1.0,1.0,1.0,1.0,1.0,1.0,0.0,0.0,0.0,0.0,0.0,0.0,0.0,0.0,0.0,0.0,1.0,1.0,1.0,1.0,1.0,0.0,0.0,0.0,0.0,0.0,0.0,0.0,0.0,0.0,0.0,0.0,0.0,0.0,1.0,1.0,1.0,1.0,1.0,1.0,1.0,1.0,1.0,1.0,0.0,0.0,0.0,0.0,0.0,0.0,1.0,0.0,0.0,0.0,0.0,0.0,0.0,1.0,1.0,1.0,1.0,1.0,1.0,1.0,1.0,1.0,1.0,1.0,1.0,1.0,1.0,1.0,1.0,1.0,1.0,1.0,0.0,0.0,1.0,1.0,1.0,0.0,0.0,0.0,0.0,0.0,0.0,0.0,0.0,0.0,0.0,0.0,0.0,0.0,0.0,0.0,0.0,0.0,1.0,1.0,1.0,1.0,1.0,1.0,1.0,1.0,1.0,1.0,1.0,1.0,1.0,1.0,1.0,1.0,1.0,1.0,1.0
Ethnicity,0.0,0.0,0.0,0.0,0.0,0.0,0.0,0.0,0.0,0.0,0.0,0.0,0.0,0.0,0.0,0.0,0.0,0.0,0.0,0.0,0.0,0.0,0.0,3.0,3.0,3.0,3.0,3.0,3.0,3.0,3.0,3.0,3.0,3.0,0.0,0.0,0.0,0.0,0.0,0.0,0.0,0.0,2.0,2.0,2.0,2.0,2.0,2.0,2.0,1.0,1.0,1.0,2.0,2.0,2.0,2.0,2.0,0.0,0.0,0.0,0.0,0.0,0.0,0.0,0.0,0.0,0.0,1.0,1.0,1.0,0.0,0.0,0.0,0.0,0.0,0.0,0.0,0.0,0.0,0.0,0.0,0.0,0.0,0.0,0.0,0.0,1.0,0.0,0.0,0.0,0.0,0.0,0.0,1.0,1.0,1.0,1.0,1.0,1.0,0.0,0.0,0.0,0.0,0.0,0.0,0.0,0.0,0.0,0.0,0.0,0.0,0.0,1.0,1.0,2.0,2.0,2.0,0.0,0.0,0.0,0.0,0.0,0.0,0.0,0.0,0.0,0.0,0.0,0.0,0.0,0.0,0.0,0.0,0.0,2.0,2.0,2.0,2.0,2.0,2.0,2.0,2.0,2.0,0.0,0.0,0.0,0.0,0.0,0.0,0.0,2.0,2.0,2.0
genus_Akkermansia,0.45212539999999996,0.009170000000000001,0.0,0.23645099999999997,0.2988107,0.011728800000000001,0.0,0.00709,0.008150000000000001,0.20511069999999998,0.0,0.0565195,0.0858899,0.00481,0.2832661,0.0370405,0.2328722,1.2547253,0.19627770000000003,0.07450949999999999,1.2610885,0.2628435,0.2315639,14.9516771,0.020377700000000002,0.21068699999999999,0.0,0.0,0.0,0.0,0.1248206,0.0,0.0,0.0,0.0547512,0.0506671,0.0,0.0194894,0.0,0.3756345,0.3771461,0.0,0.0850691,0.2650551,0.0,0.0,0.00999,0.0,0.0,16.3611648,0.1125773,0.07070470000000001,8.789344400000001,9.452251500000001,0.3093209,0.184492,0.0646245,0.00821,0.0,0.0,0.0,0.0,0.0,0.052125200000000003,0.0,0.0,0.0,2.5697267,0.0,0.0,0.4124137,0.8423531999999999,0.7978992,0.049822899999999996,0.05397489999999999,0.1684296,0.0,0.0663672,0.1688782,0.9700913,0.2980491,0.0,0.10888729999999999,0.3556368,0.00975,0.0222222,0.0,0.0,0.0256586,0.008289999999999999,0.00273,0.15006819999999998,0.0,0.0,0.0,1.2119304,1.756926,1.8651455000000001,0.085384,0.4704585,0.0,0.0,0.2277626,0.0,0.0,0.2247244,6.9631289999999995,0.051658499999999996,0.14340340000000001,0.011274,0.3524653,0.34468160000000003,0.0482092,0.7747161,0.139377,0.0,0.090458,11.277514,7.5208863,1.2458715,8.617256,0.21592019999999998,0.0,6.948020400000001,4.660709,1.1191716,0.047063999999999995,0.00752,0.0,0.5989032,0.6169505,0.057858,0.0435613,0.0,0.1252826,2.4328723,3.9689140999999997,0.1675333,1.2989434,0.102502,0.0792731,0.1303036,0.2907497,2.1874815,7.2998854,1.7941774000000001,0.12800979999999998,0.3489367,0.2733689,0.0956896,0.00229,0.0106485,0.0123487
genus_Alistipes,1.094397,7.764378600000001,4.6771015,0.7881699000000001,1.0518138,2.6653765,4.663806699999999,2.4595102,2.0505503000000003,1.6109734,3.8888379,1.9442717000000003,4.5629009,1.76097,2.4644147000000003,2.9447171,0.8150529,3.2051798,1.9347377,5.1107984,2.2456645,1.385902,2.1256383,5.872654900000001,1.4887017,1.8870228999999998,5.3035263,2.6291309999999997,1.1882287999999999,4.2893400999999995,7.22087,0.23912489999999997,0.47128860000000006,0.6266158,0.6691812,0.7684513,0.1776433,0.5197168,0.08997430000000001,1.2791877999999999,3.1410076,4.2568329,0.3232628,1.6194869,0.49075389999999997,0.17710510000000002,0.0899191,2.2380468000000002,0.9417082999999999,8.8315881,4.7725385000000005,9.8279519,6.7103896999999995,10.3873902,7.753643100000001,9.1497326,14.4500452,2.0746093,0.2871256,2.8765229999999997,2.6262897,1.1902209000000001,1.3147204,1.7570532,3.1891104000000006,2.2693452,1.0152284,2.7085765,1.0577286,1.3536317,0.3505516,2.22816,2.7976972,1.4946856,0.6554091,1.1891127,6.7018628,1.6387584,1.1821472,0.9014387,5.8827071,4.4986742,4.3399357,5.075445800000001,1.9881103,2.3333333,0.1682565,0.4450023,0.83818,0.7796085,2.0226559,1.9372442,3.9355557,17.4505248,1.1201344,4.997245599999999,6.4251057,8.1463915,12.759435999999999,5.8255735,11.9433058,2.9968288,8.0815065,49.3067833,1.4621815,2.8173345,2.7404086000000003,1.7843689999999999,4.8729052,2.0124014,1.3377659,1.3545383,3.7542936,3.5038295999999995,6.284086799999999,3.6503938,11.0798098,0.9559776000000001,8.1274973,3.7041682,3.0195382,7.6111857,10.6953561,1.1119818,2.6159122,1.4074901,4.5139946,2.089283,1.5348343,0.8803156,1.9133995000000001,0.2828612,0.21110479999999998,0.42985740000000006,2.3498136,2.4165989,3.0713461,2.0024971999999996,1.535115,1.9615152,2.6769925,0.2148866,2.5675434,4.0264624,11.5410389,3.3513879,7.6257239000000006,2.8836658,5.8188512999999995,6.733069499999999,16.8012628,12.3416037,14.3739195
genus_Bacteroides,16.1708781,32.0555734,26.5494293,58.118150400000005,40.0227096,47.5105559,62.0779,65.0990538,54.9653486,55.1277669,42.6763276,38.1054654,28.5557077,38.7557737,19.5854873,43.0688027,35.988076899999996,51.4276522,63.772738399999994,29.342936800000004,54.175657300000005,62.70011949999999,24.5873412,16.0005685,17.8530997,10.3328244,26.1294547,12.9742962,3.8811771000000004,11.9746193,21.1508457,0.7886034,1.9471661,5.5628588,65.4945857,48.3110961,77.14981250000001,61.7943221,72.8920308,76.6091371,41.0920349,38.3944981,43.4776268,30.5873622,41.650071100000005,64.4099179,5.6549106,49.988262,68.3774367,27.212676000000002,44.990311,32.8642133,38.816439200000005,25.2726775,26.436623599999997,47.8636364,31.443712,11.6101486,10.2705141,45.9866851,14.8153111,52.2196011,72.9595982,24.092696,47.9290228,62.140377,43.591370600000005,16.2675575,28.6221746,43.866471000000004,6.366635700000001,35.0255876,25.3105747,22.9960142,7.8571979,38.2436165,66.40538550000001,45.1092506,54.3546441,7.9189302,41.3836705,29.2795829,44.0578658,6.5945232,16.674788,26.866666700000003,64.53402679999999,5.2886809999999995,4.3020869,12.4433263,23.5921933,33.0968622,43.7852321,19.7420079,39.1860357,26.449988200000004,39.047581799999996,29.5154467,40.5201857,68.8118491,18.9883971,20.9838135,57.42872249999999,1.6097515999999998,35.2819511,24.019491900000002,6.190832100000001,12.4303149,34.8414127,48.2243517,45.5601394,25.3068876,7.7717293000000005,18.1265957,38.625621100000004,26.716244900000003,24.0178848,14.031074700000001,28.723211,54.316652,36.2990473,14.159886199999999,40.324335700000006,13.231836999999999,24.693089200000003,8.113219200000001,49.894798,67.0261536,64.7589108,55.9216856,40.5680494,48.70141,46.5670341,51.749772400000005,24.7723523,29.080553300000002,24.7234671,32.3686997,6.7557488999999995,26.9789871,25.9588999,74.7782553,31.8393272,8.0017327,4.8572231,12.4238321,15.2880219,3.8975573999999997,12.809283399999998,2.3922404,26.9245728,9.0405708,27.846381799999996
genus_Barnesiella,0.3464886,1.6140126000000001,0.7770383,0.12760849999999999,0.2988107,0.9617640000000001,1.7372466999999998,0.6946167,0.737872,0.8930861,0.3485279,0.3447691,0.48044660000000006,0.6254811,0.2124495,0.3611446,0.30506259999999996,1.3230918,0.7570713,2.9721003,0.0495485,0.055754700000000004,0.2493766,0.0,0.0,0.0,0.0,0.0,0.0,0.0,0.0,0.0,0.0,0.0,0.0608347,0.2364465,0.05921439999999999,0.0779575,0.10282780000000001,0.44670049999999994,0.5572755,0.2608644,0.0024300000000000003,0.010602199999999999,0.0,0.0,0.0,0.0,0.0,1.8669952,1.0519516,2.9460288,0.7115545,0.0735118,0.6736321,0.513369,0.1654388,0.9305635,0.49064369999999996,1.8088179999999998,1.0228237,1.14733,1.8760617,2.1545077,4.4287798,3.9992560000000004,1.8147208000000001,0.0181108,0.0039700000000000004,0.040352200000000005,0.1340344,1.1593678,0.9392990999999999,0.6255536,0.454931,0.8589908,0.0,1.0159281,1.145959,0.0,0.3492293,1.4426318,3.1732863,0.7417568,0.0584738,0.3444444,0.0,1.3121862,1.4112213,1.2164105,1.6841818000000002,0.0,1.7537755,0.0,0.0,0.031478700000000005,0.0,0.0,0.0,1.5898250999999999,0.9935385,0.0480935,2.7819579,0.7443938,0.32461,1.3625396,0.3674639,0.3207129,1.8192553999999999,1.4036077,0.8731526,1.3787265,0.0843661,0.5898407,2.9026785,3.8902883,6.347565400000001,0.3754855,6.9869234,2.0903884,3.1379515,0.00132,0.0,0.0,0.00127,0.0,0.0719803,0.0,0.0,0.0,0.0,0.00107,0.00335,0.0,0.8861456,0.0108489,0.0,0.00316,0.0,0.0,0.0365876,0.00686,0.0,0.112229,0.0410713,0.0241803,0.1219141,0.1119231,0.4407375,0.0652429,0.0,0.0,0.0
genus_Bilophila,0.004229999999999999,0.0825347,0.00372,0.00375,0.00598,0.0,0.0,0.0,0.00408,0.00427,0.0,0.10173510000000001,0.0134203,0.0,0.0,0.0,0.0,0.0,0.0,0.0110384,0.0048000000000000004,0.0,0.0118751,0.0,0.0,0.0,0.0,0.0,0.0,0.0,0.0,0.0,0.0,0.0,0.0,0.008440000000000001,0.0,0.0,0.0,0.0203046,0.0112581,0.0237149,1.5993,0.5513147,0.0817923,0.0161005,0.0,0.0391267,0.1035879,0.2506319,0.0,0.0134676,0.0405156,0.26840359999999996,0.0481166,0.00535,0.025849800000000003,0.1532693,0.0,0.06280619999999999,0.0178659,0.0,0.0147721,0.019546900000000002,0.0291687,0.0,0.0,0.4869803,0.107162,0.007339999999999999,0.00516,0.0317015,0.0101,0.027679400000000003,0.0,0.013474400000000001,0.12910370000000002,0.015315500000000001,0.0241255,0.0596979,0.0015099999999999998,0.0224709,0.00519,0.0152416,0.0,0.0111111,0.0,0.00571,0.00855,0.0,0.00273,0.0,0.0104391,0.0801218,0.11201340000000001,0.3934839,0.0352168,0.1345981,0.05692269999999999,0.0243341,0.0,0.0285555,0.0,0.0093,0.00862,0.0118276,0.0373692,0.00215,0.0,0.011274,0.056074,0.0423293,0.0180785,0.0176072,0.0,0.008,0.015507100000000001,0.0539491,0.1798039,0.054350100000000005,0.0107648,0.038181,0.07371269999999999,0.0,0.00127,0.0,0.0,0.0,0.0,0.0,0.0,0.0728582,0.0603157,0.11631440000000001,0.012222700000000001,0.0,0.029794799999999996,0.00158,0.00622,0.0,0.0,0.00914,0.00447,0.05119220000000001,0.0670111,0.014508199999999999,0.0731484,0.0131674,0.0111579,0.0217476,0.00686,0.00532,0.0370462
genus_Blautia,1.2296121,2.8764883,2.2418857,1.2573187,0.7769079,1.8883415000000001,1.2572739,1.5770635000000002,1.1618426,1.1281087,0.8896634000000001,0.7799695,0.47507850000000007,1.6599307,2.5446733999999998,0.8797111,2.5196777,0.9289793,1.0234482,1.9869194,1.3889555,1.393867,0.3859399,4.1472428,4.884979400000001,1.3312977,1.0148723,2.005712,1.7268184,3.9746193,6.8776134,20.3968456,0.2273761,0.5083038,5.767125,1.9760176,1.2895584999999998,1.5331644,1.6066837999999999,2.0913706,4.2443006,1.778621,1.8277714,2.4676633,2.8236131,1.4892931999999999,5.7847937,1.6511464,1.3560599,1.2850194000000001,0.6533173,1.1851453,1.0559368,1.9044688,0.7698653,1.1203209,1.8792814000000002,2.8026384,3.6358236,1.0048989,3.9305016,3.6993352,0.3693035,2.7843538,1.560525,0.5270337,2.0812183,1.0625025,1.7780953,1.4526779,2.5002578,1.5805443999999997,0.3938996,0.8635961,0.3238492,1.1116351,0.5855773,1.0669798,0.7599517,8.2204048,0.9272640000000001,1.2314053,1.1614643,0.2083016,0.5555013999999999,1.0444444000000002,1.5393387,1.340712,1.0605542000000001,0.718788,1.6841818000000002,1.0845839,0.30273510000000003,0.6810352000000001,0.0466723,10.096797,7.9746439,5.5057044,3.0103337,1.4129976,1.1047037,2.1116071,1.4235164999999999,1.0328464000000002,1.1088449,1.814354,0.928002,1.3603392,2.7387246,0.45659530000000004,1.9545799999999998,0.9312450999999999,1.2273266,0.8451448,0.424191,3.4944624,2.289879,3.7009063,3.3091173,4.5445044,1.3886646,1.1625458,4.1630103,1.500056,1.1728261,1.3361855,1.6680047999999998,4.5054862,2.5796311,2.0348278,1.4442897,3.0654008999999998,2.4260296,3.3832305,1.3842205,1.6653106000000002,1.3854577,2.1937379999999997,1.224363,1.8823091,1.2439783,2.2654535,2.1783861,1.0829117,0.9057305,1.1945062,3.2916794,0.9414708,1.405897,2.0094819999999998,0.752671,0.5217762,1.4571498999999999
genus_Butyricicoccus,0.0633821,0.3576505,0.0780756,0.0487915,0.11952429999999999,0.0557119,0.0424755,0.0212638,0.0407664,0.025638800000000003,0.0733743,0.0169559,0.23351320000000003,0.2117013,0.21008899999999997,0.1018613,0.1327372,0.0402156,0.0315446,0.1159036,0.0111884,0.0517722,0.2731267,0.6736782,1.7819136999999998,0.1740458,0.1496586,0.055487600000000005,0.0777346,0.0812183,0.430631,0.12210630000000001,0.012402299999999998,0.0482012,0.06691810000000001,0.0337781,0.0131588,0.0324823,0.0385604,0.0609137,0.19701660000000001,0.026679299999999996,0.49097050000000003,1.6459924000000001,0.2880512,1.102882,1.3487861,0.1408561,0.19775869999999998,0.3419638,0.2657562,0.1481432,0.1797878,0.21198760000000003,0.0549904,0.0534759,0.07496449999999999,0.3776993,2.932861,0.20097980000000001,0.6744382999999999,0.5254128,0.11817710000000001,0.0608127,0.3014098,0.1798115,0.0634518,0.1690345,0.3075946,0.11738810000000001,0.7165687,0.5117522,0.1615998,0.0996457,0.11566040000000001,0.07747760000000001,0.00922,0.12252400000000001,0.1447527,0.00895,0.0647278,0.1213429,0.10888729999999999,0.1371742,0.5555013999999999,0.22222219999999998,0.0013900000000000002,0.1141031,0.0940814,0.12440559999999999,0.0627815,0.047749,0.0521957,0.2804262,0.2987025,0.1023058,0.00783,0.102551,0.2452054,0.017845,0.22927809999999998,0.0766491,0.11794850000000001,0.0558295,0.00287,0.11827599999999999,0.031141,0.0538109,0.1490271,0.0732807,0.0480634,0.060470499999999996,0.0482092,0.1408575,0.187856,0.1599296,0.3101416,0.1467415,0.0127134,0.0250847,0.00538,0.0697791,0.1509354,0.2835927,0.2715347,0.0806052,0.9205171999999999,0.0789118,0.2588877,0.0841832,0.43214969999999997,0.1350019,0.0904735,0.2275716,0.2475096,0.1573095,0.3513302,0.1896603,0.0994406,0.0232959,0.0731752,0.2651792,0.125246,0.025596100000000004,0.047556299999999996,0.0338524,0.060957000000000004,0.0131674,0.0195263,0.0,0.1258265,0.2182941,0.2006668
genus_Butyricimonas,0.3084594,0.22467789999999999,0.1115366,0.0750638,0.2629534,0.1172883,0.1614068,0.22326970000000002,0.1386058,0.0811896,0.09171789999999999,0.1639066,0.7515366,0.2646266,0.19592569999999998,0.0740809,0.00931,0.0965173,0.10164379999999999,0.22628800000000002,0.1422521,0.055754700000000004,0.2909393,0.0,0.0,0.0,0.0,0.0,0.0,0.0,0.0,0.00509,0.0,0.0,0.0243339,0.0506671,0.0131588,0.0194894,0.0,0.0609137,0.0337743,0.1245035,0.0,0.0,0.0,0.0,0.0,0.0,0.0,0.0,0.0,0.0,0.0,0.0,0.0,0.0,0.0,0.0109478,0.0022,0.06280619999999999,0.0267989,0.0214454,0.103405,0.1368286,0.2041808,0.093006,0.0253807,0.0523202,0.0555655,0.0843727,0.025775899999999997,0.08604679999999999,0.22219980000000003,0.2269708,0.33155989999999996,0.26611870000000004,0.3388971,0.31652030000000003,0.3015682,0.0,0.0,0.0,0.0,0.0,0.0,0.0,0.0,0.0627567,0.0342114,0.058056,0.0436741,0.013642600000000001,0.1357088,0.80923,1.1574722000000002,1.3614543,3.5842855,3.2175362,1.5412907999999998,0.2514519,0.47939970000000004,0.2600057,0.22369540000000002,0.0651345,0.2125765,0.3311728,0.056053799999999994,0.0387438,0.0,0.0,0.1602115,0.1632702,0.07833999999999999,0.2288934,0.29693369999999997,0.1439367,0.3359868,0.0,0.0018199999999999998,0.0,0.0,0.8254996000000001,0.0,0.052240800000000004,0.039519099999999995,0.0403026,0.1121231,0.0225462,0.060098900000000004,0.0986146,0.127939,0.1307162,0.127333,0.1416001,0.2261199,0.5234608,0.1688371,0.21178740000000001,0.1118707,0.1444346,0.1646442,0.038862499999999994,0.13419219999999998,0.1260115,0.036748,0.0338524,0.0731484,0.0329186,0.0669475,0.0434953,0.2196244,0.27153659999999996,0.18523089999999998
genus_Clostridium.IV,1.7113158,0.076421,0.0148715,0.11259569999999999,2.9761549,1.2080693999999998,0.00425,0.00354,0.08560949999999999,0.8717204,5.1912318,5.8271633000000005,11.3374668,4.2003464,7.2775771,9.7972034,1.8257184,1.1863589,0.1051488,0.3283936,0.4411412,0.5933891,2.0959506,0.11654350000000001,0.0350949,0.0183206,0.0,0.0130559,0.011104900000000001,0.00508,0.1310616,0.172984,0.00827,0.0,0.00608,0.008440000000000001,0.0131588,0.0065,0.0192802,0.0,0.0,0.0059299999999999995,0.004860000000000001,0.8190204,0.0924609,0.0241507,0.019982,0.0,0.00942,0.2952359,0.062748,0.11110740000000001,0.0025299999999999997,0.0359011,0.00687,0.00535,0.00517,6.1362454,0.0242022,0.6029393,0.1652597,0.0107227,0.0,0.5234238,0.1020904,0.006200000000000001,0.3172589,1.1329336,0.9962096,0.029346999999999998,0.0463965,0.081518,0.1413999,0.049822899999999996,0.030842800000000004,0.0437917,0.0899115,0.0204207,0.21712910000000002,0.1402901,0.00301,0.013482500000000001,0.0829617,0.6198241999999999,0.1559302,0.1333333,0.0013900000000000002,0.0,0.0256586,0.008289999999999999,0.00819,0.0,0.0556754,0.088134,0.0,0.023608999999999998,0.050868699999999996,0.0640943,0.08757329999999999,0.0016200000000000001,1.3548253,0.09769,0.1301501,0.595515,6.0957743,5.5826276,1.4075735,1.7284057,4.9685075,0.0,0.6288301,0.2237407,1.5667999,0.4665904,6.0174524,6.4251729,0.9536855000000001,0.1855848,0.2306575,0.1254233,0.2906507,0.0236986,0.22815819999999998,0.14552779999999998,0.0101985,0.1581101,0.2020985,0.00752,0.00925,0.3728112,0.0199016,0.00536,0.050263,0.0606857,0.1252826,4.4372118,3.5617187,1.4319356,0.7582349,1.4117318,0.4329532,0.0205743,1.5924137,1.0080923,0.0929509,1.0155721,0.2560195,1.4945026000000001,0.0278948,0.21747640000000001,0.2699549,0.10648490000000001,0.8520622
genus_Clostridium.XI,0.1183132,0.1528421,1.3310035,0.6380423,0.0119524,0.1730002,0.2930807,0.0496155,0.1386058,0.3333048,0.1650922,0.10173510000000001,0.41066109999999995,0.4234026,0.7482945000000001,0.30558389999999996,0.1909552,0.253358,0.0385546,0.0855479,0.43155119999999997,0.37833530000000004,0.1246883,1.3530415,0.2852873,0.0335878,0.0187073,0.0359037,0.0555247,0.0101523,0.0936154,0.7580768,0.07441400000000001,0.0241006,0.182504,0.1773349,0.25659580000000004,0.0065,0.0192802,0.0406091,0.0337743,0.0,0.0364582,6.2102417,0.0960171,0.20930609999999997,1.228894,0.046952,0.2919296,0.9175676,0.2473009,1.2423823999999999,0.1063533,0.0649639,0.0274952,0.00802,0.00258,7.064072,25.4122617,0.1758573,2.0501139000000004,1.7049109999999998,0.4653224,0.00434,0.2868255,1.6617063,0.07614209999999999,0.6861995,0.09723960000000001,0.07336759999999999,6.8718425,0.5434536,0.3433997,0.2712578,0.015421400000000002,0.0067399999999999995,0.0,0.0,0.0,0.1970032,1.0160765999999999,1.0111904999999999,0.4355491,1.7019763,0.5555013999999999,0.1333333,0.22805019999999998,0.0855774,0.0855286,0.00553,0.0,0.0068200000000000005,0.2366205,0.4647064,2.3242789,0.1888723,0.0899984,0.2627868,0.07662669999999999,0.017845,0.0555826,0.0015,0.3945174,0.4931609,0.0,0.24837959999999998,0.217987,0.8093157,0.23619389999999998,0.0394589,0.0120159,0.0181411,0.0421831,0.0088,0.0121197,0.023989399999999998,0.010338100000000001,5.1899007,0.7555394,2.1280154,2.314441,0.0,0.3124013,0.0,0.00255,0.006200000000000001,0.009689999999999999,0.0,0.0,0.0,0.00284,0.0,0.00335,0.0,0.061113499999999994,0.021697900000000003,0.10055739999999999,0.00158,0.0124301,0.0302847,0.0182938,0.0,0.00895,0.1555455,0.2161648,0.4013928,0.615666,0.9546382000000001,0.0502106,0.43930230000000003,0.0251653,0.1757001,0.0926155
genus_Clostridium.XVIII,0.012676399999999999,0.042795799999999995,0.0371789,0.030025499999999997,0.0119524,0.00586,0.0509706,0.0815111,0.0203832,0.0170926,0.0366872,0.09608320000000001,0.0161044,0.0914165,0.09206149999999999,0.1481619,0.2258861,0.0120647,0.0,0.0386345,0.031966800000000004,0.0119474,0.0237501,0.1449687,0.6317075999999999,0.00916,0.032737800000000004,0.0424317,0.0166574,0.0609137,0.17474879999999998,0.15263290000000002,0.00413,0.0,0.048667699999999994,0.0675562,0.00658,0.0324823,0.0,0.0,0.00563,0.00889,0.0461804,1.6406912999999999,0.0889047,0.00805,0.0,0.00783,0.0282512,0.0085,0.0203008,0.0101007,0.10128890000000002,0.044449,0.0206214,0.0508021,0.023264800000000002,0.3558037,1.8239623,0.1632961,0.4913127,0.0321681,0.0,0.0108594,0.0291687,0.0248016,0.0634518,0.0885419,0.18654120000000002,0.0476889,0.3453964,0.7563063,0.21209979999999998,0.43733390000000005,0.1079497,0.7242471,0.0,0.3267307,0.1568154,0.1402901,0.1926782,0.0943778,0.145183,0.0101611,0.0389826,0.1333333,0.029201500000000002,0.0228206,0.07697570000000001,0.0497622,0.021837000000000002,0.0068200000000000005,0.013918900000000001,0.1762679,0.0653412,0.3305265,0.1252152,0.46788869999999994,0.236448,0.0113559,0.00695,0.0,0.0,0.0279148,0.0201086,0.0071,0.0249128,0.008610000000000001,0.025306500000000003,0.011274,0.0160211,0.0,0.07633129999999999,0.0176072,0.0,0.0,0.0,0.00432,0.0308754,0.0,0.0645891,0.0,0.0315911,0.00373,0.006370000000000001,0.0031000000000000003,0.0622906,0.0,0.00462,0.007220000000000001,0.0,0.0310719,0.0167543,0.0505715,0.1252826,0.1274749,0.04965800000000001,0.0426736,0.043505300000000004,0.0605694,0.0792731,0.0137162,0.0581499,0.1279805,0.12321389999999999,0.0435245,0.0853398,0.07900449999999999,0.0111579,0.1261363,0.00458,0.00532,0.0
genus_Clostridium.XlVa,0.012676399999999999,0.0947621,0.0594862,0.018766,0.0358573,0.0762374,0.0085,0.07087929999999999,0.0733795,0.0769165,0.0642025,0.0565195,0.07246960000000001,0.0962279,0.068456,0.0555607,0.0884915,0.0201078,0.0385546,0.0579518,0.00959,0.0358423,0.0118751,0.06822059999999999,0.0396232,0.0366412,0.0888598,0.0685435,0.0666297,0.0609137,0.0624103,0.0814042,0.012402299999999998,0.0131458,0.0547512,0.1266678,0.05921439999999999,0.2663548,0.1735219,0.1522843,0.0956938,0.035572400000000004,0.7364558,0.4532443,1.002845,0.49911449999999996,0.6793886,1.6198450999999998,0.339015,0.038232,0.0332195,0.0202013,0.1468689,0.0854789,0.1237283,0.12299469999999998,0.1059842,0.057476,0.1309117,0.1130511,0.1920586,0.09650439999999999,0.0295443,0.0890472,0.1895965,0.0744048,0.0380711,0.0120739,0.0853327,0.036683799999999996,0.08248269999999999,0.022643899999999998,0.07069990000000001,0.027679400000000003,0.05397489999999999,0.07074040000000001,0.0691627,0.1021033,0.036188200000000004,0.31341410000000003,0.09934970000000001,0.0269651,0.031110699999999998,0.07620790000000001,0.10720199999999999,0.1222222,0.4435854,0.017115500000000002,0.0513171,0.0469977,0.0764296,0.4297408,0.0521957,0.24036539999999998,2.9216839,2.2349886,4.2886211,0.2563774,0.2211227,0.155738,0.1042173,0.28104660000000004,0.23589700000000002,0.0,0.4596248,0.11354500000000001,0.031141,0.0581158,0.0759195,1.3641488,0.1722273,0.0423293,0.1225318,0.061625099999999995,0.0363592,0.0319859,0.08011990000000001,0.0798446,0.0526698,0.11288100000000001,0.1722375,0.419991,0.1017937,0.4776298,0.7406652,0.3410218,0.3419064,0.3870434,0.34672460000000005,0.3343275,0.5430302,1.1860884,0.9013838999999999,1.8458582000000001,0.0366681,0.1979929,0.0670383,0.1675333,0.0932256,0.0535806,0.0243917,3.4793342999999997,0.0492038,0.0669436,0.030263099999999998,0.11606539999999999,0.2072539,0.2040951,0.0306843,0.0695924,0.11667540000000001,0.07986370000000001,0.101877
genus_Clostridium.XlVb,0.0845094,0.021397899999999997,0.0632041,0.0750638,0.1374529,0.1495426,0.1146838,0.1275827,0.0407664,0.0598239,0.6420251,0.1978183,0.088574,0.0625481,0.0542927,0.1203815,0.19794140000000002,0.1005389,0.0560794,0.11314400000000001,0.09590030000000001,0.09956190000000001,0.2196889,0.014212599999999999,0.0147172,0.021374,0.042091500000000004,0.0212158,0.022209899999999998,0.0203046,0.00624,0.0152633,0.0,0.00438,0.0730016,0.2786691,0.0921113,0.155915,0.1928021,0.0609137,0.0956938,0.1363609,0.1944438,0.7792621,1.4935989,0.1449042,0.26975720000000003,0.4538696,0.6215275,0.016992,0.0609025,0.00673,0.0810311,0.0752214,0.0962332,0.1122995,0.07496449999999999,0.1231628,0.011001,0.050244899999999995,0.31712,0.1179498,0.06647460000000001,0.10425040000000001,0.1166748,0.0186012,0.07614209999999999,0.0664064,0.09922410000000001,0.0880411,0.0979482,0.058874100000000006,0.17169979999999999,0.10518159999999999,0.08481759999999999,0.09768909999999999,1.1942088,0.091893,0.0482509,0.4089308,0.0120424,0.0224709,0.036295799999999996,0.0,0.00975,0.0333333,0.0013900000000000002,0.0456413,0.07697570000000001,0.0939954,0.1228334,0.095498,0.0521957,0.2804262,1.0267899,0.6689226,0.4265143,0.28201509999999996,0.5210614,0.1411375,0.9726950999999999,0.3742279,0.0203359,0.0465246,0.014363299999999999,0.0189242,0.0124564,0.00646,0.0112473,0.0338219,0.1281692,0.0544234,0.20087180000000002,0.15846470000000001,0.1454369,0.0719683,0.0749509,0.0107898,0.0472212,0.0167231,0.0376769,0.0118493,0.00702,0.1306019,0.29958060000000003,0.1240079,0.2214778,0.09770029999999999,0.0832139,0.1274774,0.2445057,0.15643079999999998,0.2546661,0.38940020000000003,0.09778160000000001,0.0759425,0.0757284,0.0426736,0.0124301,0.0209663,0.0487835,0.162308,0.0313115,0.0748194,0.0453946,0.0918851,0.0914355,0.15142540000000002,0.0502106,0.2783698,0.1052367,0.063891,0.0740924
genus_Clostridium.sensu.stricto,0.0845094,0.0993474,0.00372,0.5667317,0.0,0.043983100000000004,0.0,0.3543963,0.0122299,0.0598239,0.3760433,0.1639066,0.3999248,0.3801001,0.11094589999999999,0.1203815,0.6730008,0.00804,0.0420595,0.013798099999999999,0.1534404,0.0637196,0.4512528,2.4758385,0.0,0.1251908,0.0140305,0.0244798,0.0,0.0406091,0.043687199999999995,0.1984228,0.0413411,0.05258310000000001,0.0,0.27022460000000004,0.0197381,0.0324823,0.0449871,0.2944162,0.0675486,0.026679299999999996,0.009720000000000001,2.8069338,0.00356,0.0,0.0899191,0.023476,0.2071758,0.8049956,0.0682846,0.0976398,0.0,0.2410504,0.06873800000000001,0.013369,0.0,0.0903194,3.8910462999999997,0.0376837,0.1607932,0.0214454,0.0517025,0.0,0.0,1.140873,0.012690400000000001,0.0925665,0.0119069,0.011005099999999999,1.8764821,0.022643899999999998,0.1413999,0.0,0.0,0.0101058,0.0,0.0,0.012062699999999999,0.0059700000000000005,0.1911729,1.0965799,0.1399979,0.6553879,0.0974564,0.3444444,0.00417,0.0,0.0256586,0.0691142,0.0136482,0.15006819999999998,0.0313174,0.11217049999999999,0.0,0.0157394,0.0,0.00641,0.0831947,0.0,0.0,0.0,0.0122016,0.3442821,0.0229812,0.1655864,0.0,0.148518,0.0590485,0.0,0.0,0.0181411,0.00402,0.0,0.0,0.008,0.0335987,0.640915,0.1816201,0.6271165000000001,5.484687,0.0,0.0175506,0.0186574,0.00127,0.0031000000000000003,0.0,0.0,0.0,0.0,0.0,0.0,0.0,0.0,0.3208458,0.021697900000000003,0.5549279,0.018966,0.2796768,0.7501281000000001,0.4024636,0.00686,0.1789229,0.00591,0.0064800000000000005,0.0677048,0.0060999999999999995,0.059253400000000005,0.00837,0.0260972,0.0343163,0.0,0.0401334
genus_Collinsella,1.829629,0.3224968,0.1449976,0.00375,0.08964319999999999,0.0557119,0.012742600000000001,0.00354,0.00408,0.00427,0.1008897,0.0565195,0.1932523,0.5388761,0.4768312,0.157422,0.8825858000000001,0.0,0.0034999999999999996,0.0248365,0.0031999999999999997,0.0,0.17812609999999998,1.1881751,1.9743693999999998,0.14351150000000001,0.032737800000000004,0.1729906,0.377568,1.1218274,1.6663546,5.2047825,0.0578775,0.0832566,0.091252,0.008440000000000001,0.0328969,0.0519717,0.051413900000000005,0.0101523,0.3546299,0.1245035,0.1677078,0.466497,0.3876245,0.4508131,1.9482466,0.44604429999999995,0.1412562,0.1911599,0.0479838,0.2188479,0.1721911,3.6208842,0.28182569999999996,0.2647059,0.6126406,0.00274,0.0,0.0,0.0,0.0,0.0,0.17592249999999998,0.009720000000000001,0.0,0.0,0.3843522,0.2301998,0.6346295,1.3145685,0.00906,0.2726997,2.3582817,0.33927060000000003,0.1381122,0.371173,0.428834,0.20506629999999998,0.0,0.00753,0.0808952,0.0674064,0.0457247,0.0682195,0.1888889,1.8216203,0.3708352,0.22237429999999997,0.0635851,0.0737,0.0,0.0,0.2964506,0.0,0.0157394,0.0,1.8330982999999998,0.8691654,0.2644301,0.0416869,0.1878654,0.1382845,0.1860984,0.0861797,0.8444906999999999,0.6041355,1.5368389,0.9503993000000001,0.0845547,0.40853929999999994,0.1511762,0.3113513,0.3697509,0.0969579,0.7876534,1.2043833,0.0,0.00545,0.0,0.0,0.6240619000000001,0.0,0.2313519,0.1606262,0.0806052,2.3836549,0.0150308,0.6842032,1.2579373,0.1336252,0.019285999999999998,0.0971752,0.1618287,0.048890800000000005,0.0786547,0.14773250000000002,0.10589370000000001,0.2113114,0.1700601,0.0975669,0.0457206,0.1610306,0.3248735,0.3674802,0.0241803,0.15239260000000002,2.1857923,0.34589529999999996,0.7437693000000001,0.0549061,0.1916729,0.101877
genus_Coprococcus,1.3606017,0.12838739999999998,0.1747407,0.2402042,0.7111695,0.8063570000000001,0.0764558,0.21618169999999998,0.6604158,0.7307068,0.09171789999999999,0.0791273,0.1637276,0.2983064,0.2502184,0.1389018,0.1536957,0.5147591,0.2102976,0.35047049999999996,1.0501079,0.266826,0.4512528,1.9386014999999999,0.587556,0.25343509999999997,0.1449818,0.2137903,0.2054414,0.284264,0.8175747000000001,1.9384381,0.0454752,0.0832566,0.4258426,1.2751224,0.052634999999999994,0.2273761,0.0771208,0.0812183,0.1632423,0.0326081,0.3159711,0.47179810000000005,1.1877667,0.9016261,3.0072934,2.058064,0.7345324,0.3122279,0.2380733,0.366991,0.25068999999999997,0.1487332,0.2405829,0.6951872,1.2123561999999999,0.5035991,0.41143660000000004,0.47732699999999995,0.9692259999999999,0.45035379999999997,0.0886328,0.5321113,0.2722411,0.1612103,0.43147209999999997,0.2354409,0.3949118,0.5539252,1.0516548000000001,0.3894751,0.20199979999999998,0.1937555,0.1079497,0.3907566,0.5256363,0.275679,0.1568154,0.202973,0.276975,0.27414499999999997,0.1607384,0.0660468,0.3410974,0.32222219999999996,0.2141447,0.4507074,2.0184742,2.0596041,1.2610891000000002,0.0,0.1009117,0.0,0.0,0.00787,0.0,0.0,0.0,0.44125759999999997,0.7364691,0.00301,0.8378411,0.23262309999999997,0.025853900000000003,0.2720348,0.1806178,0.30779829999999997,0.4611405,0.7328072,0.3885128,0.925198,1.3960589,2.0336297,0.4969095,1.4433649,0.5143182,0.43159260000000005,0.2924083,0.4975124,0.7320093,0.1816889,0.6879848,0.1753797,0.2154431,0.1736111,0.4886354,0.2667969,0.2265267,0.3198961,0.1535269,0.32893330000000004,0.2546661,0.6119146,0.1680621,3.2221317999999997,2.6368388,2.9081254000000003,12.4487259,4.5869636,4.2868468,0.1600219,1.9457863999999998,0.2500541,0.16428530000000002,0.2659832,0.2925937,0.1909276,0.11715810000000002,0.1957288,0.446112,0.2662123,0.43837980000000004
genus_Dorea,0.3211358,0.9950021,0.3755066,0.3415403,0.1553816,0.6890687000000001,0.4162596,0.9037105,0.44027720000000004,0.2478421,0.2934972,0.3221613,0.7139597999999999,0.6399153000000001,0.9536624,0.5000463,0.6520423,0.289552,0.1226736,0.5795182,0.610565,0.4619673,0.32656450000000004,0.9494031,2.2449395,0.2229008,0.2665794,0.1778866,0.1665741,0.5279188,0.8113337,1.7603662999999998,0.0165364,0.1314579,0.9186032000000001,0.3884479,0.5131916999999999,0.5132203,0.3984576,0.42639590000000005,0.6135660000000001,0.1304322,0.0364582,0.3710772,0.49786630000000004,0.2495572,0.8392447000000001,0.4695203,0.2071758,1.0619995,0.1863984,0.366991,0.26081889999999996,0.3282388,0.2680781,0.5561497000000001,0.6281504,0.4297014,2.3806119,0.6029393,1.174684,0.9543213,0.0295443,0.2888604,0.30627129999999997,0.22941469999999997,0.2791878,0.5513744,0.692584,0.3815114,1.0722755,0.5026946,0.09089989999999999,0.24911429999999998,0.06168560000000001,0.2054841,0.7884544,0.30631,0.2895054,0.5104173,0.4907274,0.3820053,0.27999589999999996,0.0863689,0.1754215,0.26666670000000003,0.3267792,0.23961659999999999,0.20526860000000002,0.1962844,0.2593149,0.1159618,0.1531074,0.24036539999999998,0.00933,0.4249626,0.7434653,0.3909755,0.18390399999999998,0.3666331,0.22233029999999998,0.47943250000000004,0.3050392,0.0837443,0.0373445,0.23891749999999998,0.28649729999999995,0.3034934,0.5454954,0.0789177,0.38050229999999996,0.1874584,0.4218307,0.6074478,0.07271849999999999,0.647715,0.1679934,2.9715149,0.4467853,0.6647435,0.2691211,0.0816284,0.5159886,0.4813612,0.7062453,0.42162700000000003,0.49417239999999996,0.6237787,0.41144650000000005,1.0270348,0.3269553,0.32357610000000003,0.46242,0.6726004,0.3697366,0.33902899999999997,0.2197366,0.2513,0.043505300000000004,0.2679029,0.0792731,0.3543343,0.3488996,0.1634212,0.153477,0.1112293,0.13410550000000002,0.1711765,0.1338949,0.2000783,0.2585162,0.1810244,0.2593233
genus_Eggerthella,0.0,0.0045899999999999995,0.0,0.0,0.0,0.0,0.0,0.0,0.0,0.0,0.009170000000000001,0.00565,0.0134203,0.00481,0.00236,0.0,0.0,0.0,0.0,0.00276,0.0015999999999999999,0.0,0.017812599999999998,0.173394,0.08490690000000001,0.0,0.028061,0.00326,0.0,0.00508,0.0124821,0.0356143,0.0,0.00219,0.0,0.0,0.0,0.025985800000000003,0.0192802,0.0,0.10695189999999999,0.0,0.0,0.0053,0.0,0.0161005,0.0,0.0,0.0,0.016992,0.0,0.0,0.0,0.0,0.0,0.0,0.0,0.00547,0.0374033,0.012561199999999998,0.00893,0.0214454,0.0,0.0,0.004860000000000001,0.0,0.0380711,0.13080050000000001,0.0853327,0.029346999999999998,0.0,0.0,0.0,0.0,0.0,0.0,0.025359599999999996,0.0,0.0,0.15521459999999998,0.0015099999999999998,0.0,0.0,0.0,0.0,0.0111111,0.015296,0.0,0.00855,0.0,0.0,0.0,0.0,0.0480731,1.0547932,0.7790981,0.6456409,0.3781566,0.0350293,0.00487,0.013895600000000001,0.00301,0.0366047,0.0093,0.0,0.0,0.0,0.00215,0.0224947,0.0,0.0,0.0,0.0200872,0.026410799999999998,0.0121197,0.008,0.0646128,0.0366854,0.0108972,0.0,0.026912099999999998,0.0210654,0.00702,0.0,0.00382,0.0,0.1204286,0.00752,0.032361,0.00481,0.0170585,0.022500299999999997,0.0167543,0.0151714,0.10083729999999999,0.1790073,0.1216621,0.055317599999999995,0.0994406,0.0349439,0.030489699999999998,0.0228603,0.0715692,0.0,0.0,0.0,0.0,0.00658,0.0,0.00435,0.00229,0.026621199999999998,0.0
genus_Erysipelotrichaceae_incertae_sedis,0.0,0.015284200000000001,0.0706398,0.007509999999999999,0.0,0.0,0.00425,0.00354,0.00408,0.00855,0.009170000000000001,0.0226078,0.0,0.0,0.00944,0.027780399999999997,0.0,0.0201078,0.0,0.013798099999999999,0.0031999999999999997,0.00398,0.00594,0.0795907,0.1369832,0.05190839999999999,0.00468,0.027743800000000002,0.0721821,0.0456853,0.1560257,0.3866701,0.00413,0.0153368,0.0182504,0.0760007,0.0131588,0.0065,0.0,0.0,0.0112581,0.0,1.4558977,1.5823791,1.1024182,0.2898084,0.9091817,0.4147429,0.26367830000000003,0.0085,0.0018499999999999999,0.0,0.0253222,0.0222245,0.0,0.00802,0.0103399,0.0246326,0.0374033,0.06280619999999999,0.0759301,0.0107227,0.0,0.00652,0.0194458,0.006200000000000001,0.0,0.2032439,0.2301998,0.2787968,0.025775899999999997,0.0317015,0.0101,0.0221435,0.0,0.0101058,0.016138,0.0102103,0.0,0.047758300000000004,0.0,0.0,0.0,0.0,0.0,0.0,0.00417,1.3977636,0.8210742,1.3739909,1.5777262,0.7571623000000001,0.0,0.0160244,0.2987025,0.1259149,0.8099858999999999,0.6409435,0.08757329999999999,0.5483274,0.00695,0.0015,0.0569407,0.20470829999999998,0.0172359,0.00946,0.0124564,0.0107622,0.0,0.0281849,0.00801,0.0,1.558765,0.5986442,0.0,0.011994699999999999,0.015507100000000001,0.0388433,0.0853614,0.0710732,0.1184133,0.0118493,0.0,0.3992686,0.4066647,0.5394345,0.4983251,0.3194048,0.1802968,0.4185107,0.2729366,0.0364291,0.0067,0.0252857,0.0213897,0.0678058,0.057106699999999996,0.00316,0.037290199999999996,0.011648,0.0,0.00914,0.00895,0.011813599999999999,0.0064800000000000005,0.00967,0.0121914,0.0,0.0139474,0.0,0.6794627999999999,0.6495581,0.747098
genus_Faecalibacterium,22.4668301,2.5035536,5.3426032999999995,2.4808587,5.8686428,3.591954,1.9071485999999997,1.9810752,3.9217285,1.6964362,6.6954049,8.7548748,9.9498081,11.9899923,14.862025800000001,3.1299194000000004,11.196497599999999,1.8137215000000002,2.0433914,1.2142286,3.4827779000000003,1.8956590999999998,7.522859499999999,10.0938033,3.4947697,22.543511499999997,4.9013189,6.1199509999999995,5.0749584,12.9695431,4.3187917,8.2727041,1.9719707,1.6519872000000002,1.6364521,5.3960479999999995,5.7635371,13.070876400000001,2.403599,0.3857868,5.1899803,2.688682,1.132635,3.6259542,7.670697,5.0394461,7.183534799999999,0.5712497000000001,1.9022507000000002,3.7849663,18.6656824,13.5382647,6.3406852,8.862447399999999,5.1003574,7.366310199999999,7.478350799999999,11.714152799999999,2.6358346,7.82565,7.4456206,6.1870041,5.6355713000000005,13.1594379,17.4331551,4.1108630999999995,13.3375635,3.3847145000000003,11.011887,7.9603814999999996,16.6254253,3.3648838,7.0598929,15.699734300000001,4.8037627999999994,2.7723505999999998,0.3227591,6.4274045,7.4788902,4.0684138,4.050758699999999,5.1053885,3.7643887,2.5707463,35.9126791,26.3888889,11.499847,5.3913738,3.3185084,5.255446200000001,12.7828579,0.25920869999999996,3.9181570999999997,18.9167535,7.392887099999999,1.172582,0.2073877,1.1921549,6.4016113,0.575906,4.7384145,2.7443377,3.3025583,2.3262306,18.037402,8.818659199999999,1.2767813,5.6845821,13.9045102,2.5873732,12.003845100000001,8.4356292,18.5364482,13.9096751,4.8418374,9.363879899999999,2.8507185,2.1795425,0.6138758,0.543501,0.10226600000000001,5.2347472999999995,10.8533118,1.3545282,3.4164935,2.3158482,9.3297528,1.8074553,3.5920669000000003,1.9554551,0.6851847,0.00321,0.0201052,0.0252857,7.0372181000000005,5.4868457,11.8421869,14.207140700000002,19.0677439,11.8017053,9.8359656,0.0228603,10.359635,9.2520034,2.7431313999999998,3.3804043,4.3950015,3.2786885000000003,1.6067394,3.5448654000000004,7.7669237,9.9297199,9.820326
genus_Flavonifractor,0.0422547,0.11463160000000001,0.0371789,0.0150128,0.0179286,0.014661,0.0085,0.0177198,0.0285365,0.00427,0.0366872,0.0113039,0.0429449,0.024057000000000002,0.059013800000000005,0.046300600000000004,0.041917,0.00804,0.00701,0.0193173,0.0287701,0.0159299,0.053437799999999994,0.1847641,0.0350949,0.1160305,0.0140305,0.0212158,0.0166574,0.0406091,0.0249641,0.11193080000000001,0.012402299999999998,0.0065699999999999995,0.0365008,0.016888999999999998,0.0,0.0194894,0.0,0.0507614,0.0337743,0.035572400000000004,0.0413193,0.9170908,0.27382650000000003,0.2334568,0.1998202,0.3130135,0.1035879,0.24213590000000002,0.042447200000000004,0.05387019999999999,0.10128890000000002,0.2325025,0.034369000000000004,0.029411800000000002,0.023264800000000002,0.1012672,0.4290382,0.0376837,0.6163741,0.1393952,0.0147721,0.00217,0.0388916,0.031002,0.0,0.0120739,0.00595,0.011005099999999999,0.1701206,0.0135863,0.0605999,0.049822899999999996,0.0385535,0.0033699999999999997,2.0656584,0.0357362,0.0241255,0.2865501,0.016558299999999998,0.013482500000000001,0.031110699999999998,0.0508053,0.1461846,0.0666667,0.0486692,0.0228206,0.05987,0.044233100000000004,0.0191074,0.10914049999999999,0.020878300000000002,0.7291082,3.0617007000000003,0.5980955,0.2699953,0.6409435,0.1992294,0.42827940000000003,0.0555826,0.078152,0.0325375,0.0,0.06607110000000001,0.0,0.0249128,0.0,0.00281,0.00564,0.0,0.0,0.0241046,0.0176072,0.0424191,0.0399824,0.0335987,0.056107,0.0217944,0.0418078,0.021529700000000002,0.0803118,0.021060799999999998,0.048509300000000005,0.0382443,0.046503,0.4914039,0.0112731,0.032361,0.060130800000000005,0.0597049,0.0514293,0.050263,0.0809143,0.045835100000000004,0.027122300000000002,0.0931087,0.028449099999999998,0.055935399999999996,0.0279551,0.0243917,0.0571507,0.0223654,0.025596100000000004,0.1015975,0.053196600000000004,0.060957000000000004,0.1250905,0.0976317,0.15223350000000002,0.0640571,0.0319455,0.0370462
genus_Lachnospiracea_incertae_sedis,7.3354179,3.8409219,1.6767668999999998,3.7907221,8.725273399999999,3.7796152999999997,1.6650384,4.199596,2.2951487999999998,3.6492607,5.7965698,5.6349969,8.1944333,11.0613934,10.1574487,8.6119085,12.749755500000001,4.0617711,2.1800848,5.8558931,4.7710381,5.5316607,4.9756561,7.347925,8.9729656,10.5770992,3.4094098,4.6315789,8.5785675,6.8426396,9.5924608,19.4759603,0.8557609,2.7255598,5.2196131,5.2440466,4.7963682,5.320600300000001,5.9061697,2.2233503000000003,5.0042218,1.6244738,3.2399193,11.206531,9.1358464,4.966994000000001,21.031072,3.5761797,2.5237781,3.2242306,10.1928578,5.4812969,4.8973184000000005,3.4926659,2.9969755,6.157754,4.9993538,14.6290062,11.7831487,13.6666248,16.5081067,5.8867682,3.2868011000000004,5.3471755000000005,4.171123000000001,7.118055600000001,14.923857900000002,6.0168230000000005,14.1652279,7.1239912,10.0422724,10.769439799999999,6.2619937,6.0064215999999995,1.9276737,11.0658223,4.1820361,7.5607515,7.225573000000001,3.949018,6.915341999999999,8.9838659,5.2473297,0.7366763000000001,4.7948543,4.8555556,10.7253108,6.1558649,5.4139583,9.922039100000001,7.752149599999999,7.285129599999999,10.279073,4.655075699999999,2.9310184,3.0455654,2.8916888000000003,3.0252532,5.1055259,2.1040849,8.0386299,6.300254,3.7458819999999995,1.8423746,3.8091408,7.5247197,3.2199801,8.2093889,5.9863907,1.7531003,5.0026034,5.6177058,5.417512,5.4758341,3.7510605000000004,7.2128264,1.9745684,6.5602072,3.2255721,3.7041682,1.7815813999999999,7.450562199999999,5.7179964,3.1754916,4.4439912,4.8270089,3.8066498999999996,4.1560198,4.932735399999999,8.827208,4.048559999999999,1.7046671999999998,2.0339777999999997,2.5842015,7.465012499999999,9.240575,6.5771995,7.551642899999999,7.0229956,8.498346,6.0491493,1.4630578,11.6478798,6.873535599999999,8.324506600000001,7.5974466000000005,8.9606827,3.0087563,4.778376,9.599408500000001,4.7928439,4.9302524,5.0351938999999994
genus_Odoribacter,0.23240090000000002,1.0484968000000001,0.1858943,0.43912329999999994,0.44223989999999996,1.2461881,1.5248694,1.7719814,0.9253975,0.9999144999999999,0.3576997,0.480416,0.7112757,0.8371824,0.3304771,0.5000463,0.0489032,0.6595351,0.7991308,3.038331,0.5210581,0.42612500000000003,0.4037525,0.352473,0.2128334,0.38778630000000003,2.7873913,0.2366381,0.1221544,0.3096447,0.19971289999999997,0.00509,0.0248047,0.1007844,0.07908499999999999,0.0760007,0.0394763,0.1364256,0.0449871,0.0812183,0.20827469999999998,0.2282564,0.2114576,0.0874682,0.0782361,0.0483014,0.039964,0.1017294,0.2730954,0.1168199,0.17717080000000002,0.17171140000000001,1.2762402000000002,1.0787431,0.8660984,0.7058824,0.9978028,0.0492651,0.0198018,0.1381736,0.0401983,0.0107227,0.11079099999999999,0.4930174,0.5347594,0.5456349,0.30456849999999996,0.3038596,0.20638610000000002,0.3044754,0.0206207,0.3487161,0.1211999,0.1550044,0.030842800000000004,0.09768909999999999,0.49336040000000003,0.23994279999999998,0.24125449999999998,0.0,0.7406069000000001,0.46290050000000005,0.7051746999999999,0.1016105,0.0584738,0.2333333,0.2030203,0.6960292,0.3506671,0.32069,0.4067149,0.1432469,0.1043914,0.3445237,0.205358,0.3069174,0.1408671,0.6217152,0.8166213999999999,0.7267772,0.3265476,0.3050934,0.6019441000000001,0.0558295,0.18384989999999998,0.4116005,0.28649729999999995,0.09470719999999999,0.0,0.5749718,0.2923859,0.2963053,0.42785690000000004,0.5898407,0.5938673999999999,0.4597977,0.3308177,0.0517911,1.2368325,0.3720891,0.575919,0.00132,0.0702025,0.0,0.00127,0.0,0.0332217,0.0,0.0,0.0,0.0,0.0,0.0,0.0,0.3666809,0.1654462,0.3289841,0.1691138,0.055935399999999996,0.20733359999999998,0.23172140000000002,0.0,0.1655037,0.9549312000000001,0.9078921999999999,0.5899989999999999,1.1642792000000002,2.0146158,3.1576892,0.6393806,0.42094669999999995,0.1810244,0.6050877
genus_Oscillibacter,5.3071918,2.3797515000000002,1.3644644,0.2702297,3.1315364999999997,0.3460005,0.403517,0.1665663,0.22013860000000002,0.26493459999999996,1.3849399,3.5663821999999996,2.5874332,0.8852964,2.3770743,1.2501158,0.5705370000000001,0.37400469999999997,0.39606040000000003,1.324613,0.47950129999999996,0.20310630000000002,6.6381665000000005,3.2404775,0.5943486,8.2870229,0.5752501999999999,3.1121991,0.48306499999999997,1.071066,4.7244586,1.4245739,0.7730787,0.1796591,0.4258426,0.5573383000000001,0.138167,0.3508088,0.2699229,0.9238579,1.2834225,3.0918360999999996,0.0243055,1.0893766,0.053342799999999996,0.0885526,0.1099011,0.0313014,0.12242209999999999,0.7816316999999999,0.8950817,2.5487357,1.0255501,1.8001846,9.6164421,1.7245989,2.207574,0.35306679999999996,0.011001,1.3942972,1.1478851,1.0615484,0.3545314,4.0310144999999995,0.8410306,0.40922620000000004,0.2030457,2.2819656,1.4308111000000001,0.7226706,2.2579647,0.9238712,5.3327947,1.954163,1.1488935,1.1520582,1.3578938,0.367572,1.1097708,18.6675422,0.2890173,0.9617545,1.0888728,9.9171874,1.3546437999999998,1.4777778,0.3295603,3.1948882,2.7711256,1.238527,1.4548929,4.3656207,0.2957756,6.4658280999999995,7.9436199,10.4194538,2.4534356,3.4739135999999995,1.9682108999999999,2.2225106,6.537900400000001,0.8596720999999999,1.2079554,3.6661394,1.5857057,1.5021053,2.1985551,2.0232894000000003,1.6392982,0.6144307,2.5834101,4.6925077,1.295623,1.9279865999999999,4.6055024,1.6312822,3.7372067,1.4285714,4.4097348,0.8528785000000001,1.394047,4.0169049999999995,4.2297027,0.115676,0.21416819999999998,0.1674107,0.8928324,0.0939426,0.5408904,0.9139888,1.5352685,0.1275018,0.11728039999999999,0.1517144,1.9770212999999999,1.0523461,1.2240692,1.1869577,2.7035426,1.2253646,1.9696323000000002,0.2011704,1.3240293,2.4651007,2.6523421,2.4567173,1.1764706,5.1682138,1.8522135,2.2400070000000003,3.4773856,4.8876584,2.8741665
genus_Parabacteroides,0.5873405,4.482858800000001,15.3102576,2.743582,1.4044104,4.0083275,3.7081086,4.4264096,4.9857318,3.2646782,1.5500321,2.4529475,4.3267037,1.9293687,3.0569129,1.6483008000000001,0.7009455,6.51492,3.8799902,13.966387899999999,3.885559,1.8558343000000002,2.6184539,0.40079590000000004,1.3041706,0.3175573,0.8605368999999999,0.0799674,0.094392,0.7208122,0.34949759999999996,0.0661409,0.053743400000000004,0.054774100000000006,1.4721986,6.358723199999999,0.9934864,1.6760865,1.529563,0.822335,2.3810864,3.4653465000000003,2.5472134,1.7785199,5.6507824,1.1109322,0.47956839999999995,5.4151342,6.139937799999999,4.568722,0.693919,1.3299216,1.3800613,2.5079495,3.4300246999999997,1.1497326,2.1920641,1.4971125,0.28822570000000003,1.6203994,0.7459020000000001,2.0587605,0.5834995,4.1721869,2.4647545,2.4119544,1.6243655,1.9982292,0.6985374,0.9427733,1.9074131,8.8582945,2.4643975,2.7845438,1.087208,3.2035303,0.5579122,1.7459669,4.1013269,2.6267089,1.8214114,1.2538762,0.48740019999999995,0.6706295,0.5262645,1.1555556,1.130517,0.2510269,0.29935,0.3621586,1.6486965999999998,0.0,0.3897279,3.9339796000000002,10.8186316,9.207523400000001,6.9259664999999995,4.5442892,3.2796217000000003,1.6384932,0.5141388,2.1732269,2.2410217,0.362892,2.6141162,0.7758906,0.9715994,0.385286,0.6748396999999999,1.9954904,3.2683142,4.1664147,5.6846715,2.9844176,1.7997817999999999,2.7747791,6.7223199,0.5006474000000001,2.7642572,2.265981,0.9957479,1.9182663,0.13689489999999999,2.5709915,3.1959512,2.2197421,0.047063999999999995,2.1869833,1.4747352999999999,3.4779681,5.4104,4.5879227,8.4609456,7.666633000000001,1.1886573,0.981828,1.7603754,1.3940036,1.8645121,1.3465033,4.0246356,2.2265911,2.4020397,19.3565536,12.0555111,12.3948157,10.307832999999999,0.7505432000000001,10.4772797,1.3961985,1.8302029000000002,2.7739325,1.3954062999999999
genus_Parasutterella,0.0211274,0.20939370000000002,0.0185894,0.06005099999999999,0.12550050000000001,0.0762374,0.00425,0.0283517,0.0244598,0.0726434,0.174264,0.0226078,0.3328234,0.0481139,0.06137430000000001,0.2037226,0.0395883,0.016086200000000002,0.0105149,0.0827883,0.05114679999999999,0.0238949,0.3918774,0.6736782,0.8185029,0.6717557,4.9948555,0.8665851,0.2054414,1.8477157000000002,0.224677,0.1678962,0.2645831,1.1305377,0.0,0.008440000000000001,0.0,0.0,0.0,0.0,0.0112581,0.0118575,25.207204100000002,4.418469,2.8093883,4.8542908,1.0090918,21.245793900000002,1.7515774000000002,3.9421422999999995,0.5204392,1.3366552999999999,2.7499936999999997,2.0771360999999997,1.6153423,1.4144385000000002,0.9021585000000001,0.0,0.0011,0.0,0.0,0.0,0.0,0.2280477,0.0,0.006200000000000001,0.0,0.006039999999999999,0.0,0.029346999999999998,0.0,0.054345399999999995,0.0303,0.0996457,0.0231321,0.0538975,0.25129100000000004,0.061262000000000004,0.036188200000000004,1.3312637999999999,1.9884994999999999,1.9010382,1.4414601,5.3142306,4.8728194,1.4555556,1.7340156,0.9698768,0.5644885,0.6690258,1.5477003,0.5934516,0.1357088,0.088134,0.9801176,0.06295740000000001,0.0313038,0.1986925,0.2736667,0.5483274,5.5026749,0.3096022,1.8546386000000001,0.0,0.00575,0.0,0.0,0.0,0.00281,0.0507328,0.3084071,0.393058,0.2089067,0.2112862,1.0786571,0.3598417,0.4109377,0.00647,0.6284054,0.0668924,0.0484418,1.0335203,0.8564709,3.7501398999999997,3.3106842,1.6524058000000001,0.009689999999999999,0.0,0.00462,0.0,0.0,0.0,0.0,6.5995752,0.8464218000000001,0.8624898000000001,1.3420069,0.53421,0.38533249999999997,0.5078507,0.4451491,0.0,0.3220612,1.0927563,0.2421046,0.2079505,0.451082,0.1777602,0.2175793,0.0,1.3863787,0.7986369999999999,1.373796
genus_Phascolarctobacterium,1.5549734000000002,0.3759916,0.26768780000000003,0.0638042,1.2430527,0.1642036,0.0807034,0.0850551,0.0611496,0.0726434,1.0455838,1.0116995,0.947473,0.6254811,0.4319807,1.0741735000000001,1.2179218,0.0603233,0.08762400000000001,0.7092199,0.17581719999999998,0.09956190000000001,1.1459447,3.3229107,9.2254223,2.5770992,2.7873913,1.4377805000000001,3.2759577999999996,2.7614213,5.3423204,11.015008900000002,0.7772127999999999,0.6353797,0.3224237,0.9795642999999999,0.190802,0.1624115,0.2763496,0.5380711,1.2271320000000001,1.2628209,0.0,0.0,0.0,0.0,0.0,0.0,0.0,1.0641235,0.9116914,0.5622706,0.0,0.00171,0.0549904,0.026738,0.2119685,0.9415112999999999,0.9493845000000001,0.5150107,0.31265350000000003,0.22517689999999999,0.0221582,0.5451425999999999,0.0534759,0.0744048,0.5964467,0.016098499999999998,0.00992,0.0036699999999999997,0.4742757,0.10416189999999999,1.6159983999999998,0.2380425,0.43179890000000004,0.7040356,0.5002767,0.7453543,0.4101327,0.0,0.3763247,0.3056042,1.1251685,1.0364274,0.6919404,0.44444439999999996,0.0,0.0228206,0.0,0.00553,0.00819,0.0,0.0,1.2258632999999999,0.3360403,0.3147871,1.0878072,1.0383284,2.4783256,0.0,0.0,0.00301,0.0,0.6606495,0.0,0.00473,0.006229999999999999,0.0,0.0,0.0,0.2843754,0.4958578,0.9641846000000001,1.7167004,0.0,0.0,0.0,2.2356495,3.5415910000000004,0.46406620000000004,0.1722375,0.0,0.9372037999999999,2.9777229999999997,2.3010339,0.5425346999999999,1.1239999,0.6989328,1.1002728,2.2849721,8.119864699999999,1.0907299000000001,0.8477699999999999,4.2075453,0.0,0.0,0.0,0.00158,0.0,0.0,0.0,2.9284016,0.0,0.3406249,0.6441711,0.2853274,0.1828711,1.2838238,0.4714218,1.8963942,0.2676672,0.0692152,0.07100519999999999
genus_Prevotella,0.00845,0.0672505,0.0,0.0,0.0,0.00293,0.00425,0.0,0.0285365,0.0,0.0,0.00565,0.00268,0.0433025,0.0,0.0,0.0209585,0.00402,0.0700992,0.0193173,0.0048000000000000004,0.00398,0.0237501,2.9135873,31.445002900000002,29.825954199999998,38.027312699999996,56.871481,70.671849,39.0304569,13.9923859,2.8694989,90.14841460000001,82.7899741,0.06691810000000001,0.016888999999999998,0.0328969,0.0194894,0.0,0.0304569,0.0225162,0.0,0.0024300000000000003,0.010602199999999999,0.00356,0.00805,0.00999,0.0,0.0,0.0,0.0,0.0,0.0,0.00171,0.0,0.0,0.0,0.00547,0.0,0.0,0.0,0.0214454,0.0,0.0152032,0.0388916,0.006200000000000001,0.0,0.484968,0.5199341,1.1151871,0.3711723,3.2063765,8.1708918,1.389504,2.1204411,1.0375261,0.0207488,0.5921993000000001,2.2677925,0.00298,0.0,0.0,0.0,0.0,0.0,0.0,0.0,0.0,0.0,0.008289999999999999,0.0,0.0,0.1948639,0.0,0.0,0.00787,0.00783,0.0,0.0,0.0032400000000000003,0.0277913,46.703338,0.0162688,0.0,0.0,0.00473,0.0,0.0,0.00281,0.011274,0.0160211,0.0,0.0180785,0.32573290000000005,0.0,0.0,0.0,0.0129478,0.0254268,0.0,0.0,37.239644999999996,0.0,49.5503564,29.0274467,60.484871,0.0,0.0,0.0,0.014431399999999999,14.7897535,0.0,0.0,0.0,0.0,0.00814,0.0,0.00316,0.0,0.0,0.0,0.1874543,0.0,0.00197,0.00216,0.00484,0.0060999999999999995,0.0,0.00837,0.00435,0.00229,0.0106485,0.0
genus_Roseburia,0.367616,0.6235957999999999,0.3383277,0.6042636,0.9980278,3.2430213,0.3780317,1.6443988,2.4826743,1.9015469,1.770155,2.1025264,3.1296131999999997,2.8916474,1.5532422000000001,2.1205667,3.1740486999999997,1.0415828999999999,0.5327537999999999,0.43049919999999997,0.600975,0.5814417,0.2196889,0.8072769000000001,0.1177376,1.4229007999999999,1.2300065,1.2321501000000001,0.12770679999999998,0.2791878,0.39942579999999994,3.66319,0.23564430000000003,0.4053284,1.22886,2.1364634000000002,1.0855976999999999,1.1563698,3.0912596,1.4720811999999999,2.4655221000000003,1.3754669000000002,0.4010403,1.7997243,3.6557609999999996,3.4454999,16.5251274,0.0939041,1.9022507000000002,0.4566598,1.0224232,2.4982324,0.9673090000000001,0.6393818,0.7492439,0.3315508,1.7655422,0.4269644,0.9944885000000001,0.46476570000000006,1.3935415,1.3832297,2.3783144999999997,0.2562822,0.5396208,1.6307044,0.43147209999999997,0.3481306,1.8852573000000001,1.6617755,0.6392412000000001,0.1268059,0.2928997,0.5425155,0.47806309999999996,0.2155898,0.1106603,0.39820300000000003,0.5066345,2.9013193,1.3863801,3.0605366,2.6599606000000002,0.7265153,6.5977974999999995,11.1777778,0.3657146,1.6830215,1.8132056,6.6709057000000005,2.014467,6.9304229,1.4127636000000001,0.1762679,0.0,0.8735343,0.0234779,0.12177930000000001,0.2780454,0.827358,2.4039464,0.8656838,0.9069834000000001,0.8560529000000001,1.8384992999999998,2.1266026,1.6878425999999997,0.8738888,0.7395119,9.594137499999999,0.0160211,0.0846586,1.0364984000000002,1.1796813,1.1937947,4.5380033,0.9019952,2.7017695,0.027243,0.1421464,0.043059400000000005,0.6898912,0.7055355,1.0448150999999999,0.7253675,0.8370536,1.2845713,1.2701037,0.8876149999999999,0.8947470000000001,0.7761635,1.0532293,1.2230674000000001,2.3970871000000002,0.54391,0.48277729999999996,0.7349381,0.8408275999999999,0.6525792,3.037786,0.47563880000000003,1.2047366,0.9661836,0.3071531,0.7609001,0.3095077,0.6278574,0.0,0.0306843,0.05654390000000001,0.6542975000000001,0.5271004,0.3951593
genus_Ruminococcus,0.0,0.0,0.0,0.0,0.0,0.0,0.0,0.0,0.0,0.0,0.8346327,0.5425875,0.45092200000000005,0.6206697,3.4629276,1.2038152,2.1191374,0.0,0.0,0.0,0.0,0.0,0.0,0.645253,0.0,0.15877860000000002,0.2993172,0.2872297,0.0,0.5279188,0.9111902,0.1628084,0.06614579999999999,0.032864500000000005,0.43800949999999994,2.8880257,0.00658,0.0,0.0,0.142132,0.7655502,0.6136242000000001,0.004860000000000001,0.023855,0.0177809,0.0,0.5195324,0.0,0.0,0.9239396000000001,0.5222848,0.5791051,1.5978324,0.9505248000000001,0.577399,1.1122995,1.8973762,0.5035991,0.0,1.1933174,1.9339854,0.6755308,0.2954428,0.1324849,1.1327175,0.5828373,0.8502538000000001,1.0604901999999998,0.0039700000000000004,0.5685987,0.00516,1.3042888000000001,0.3130997,0.1550044,0.0231321,0.0067399999999999995,1.0651051,0.0102103,0.2774427,2.2118083,0.40643060000000003,1.6583523999999998,1.8407135000000001,0.035563700000000004,0.1851671,0.0,0.30035880000000004,0.2053857,0.15395140000000002,0.2432821,0.1528593,0.24556619999999998,0.3549308,0.0640974,0.0,1.125364,3.9403663,2.0382002,1.5369122000000002,0.1086921,0.0,0.6913446999999999,1.8627729999999998,0.26053780000000004,1.0427738,0.6339594,1.1397608,0.5962246,1.4734001,0.276212,0.1441903,1.7294552,0.00201,0.0088,0.24845470000000003,1.9911239,1.3155174,2.7470868,1.7381039,2.6840587,2.7181226,0.3949759,0.46333670000000005,0.0,1.5947886000000002,0.8029514,1.1849063,0.9845183000000001,0.2034118,3.8291322,0.5714610999999999,0.00107,0.0,0.0,3.5506936000000002,2.313534,2.1576393,0.5879471,0.0,0.9341657999999999,0.0,0.00229,1.8965826000000001,0.253992,1.3272519,2.766225,1.4385858,0.4213576,0.3012636,1.1439259,0.473565,0.39931849999999997,1.951099
genus_Streptococcus,0.004229999999999999,0.009170000000000001,0.066922,0.0,0.0,0.0,0.0,0.0,0.008150000000000001,0.00427,0.0,0.0452156,0.0,0.00962,0.0306872,0.009260000000000001,0.0256159,0.0,0.0,0.0,0.0015999999999999999,0.00398,0.0,0.531552,1.3098311,0.0152672,0.009349999999999999,0.1011832,0.0333148,0.1319797,0.39942579999999994,0.5647418000000001,0.00827,0.0241006,0.00608,0.7684513,0.052634999999999994,0.0194894,0.0321337,0.0203046,0.0337743,0.0059299999999999995,1.2784678,1.2510602,0.0960171,0.0322009,0.11989209999999999,0.0313014,0.0,0.3610798,0.0221464,0.0134676,0.1342078,0.0547065,0.00687,0.0106952,0.0180949,0.057476,0.7920705,0.06280619999999999,0.08932960000000001,0.0643363,0.007389999999999999,0.0456095,0.48614490000000005,0.0124008,0.0253807,0.0181108,0.0119069,0.0,0.00516,0.00453,0.09089989999999999,0.027679400000000003,0.007710000000000001,0.030317300000000002,0.032275899999999996,0.030631000000000002,0.0,0.07163749999999999,0.00452,0.00449,0.036295799999999996,0.0,0.00975,0.0,0.005560000000000001,0.0114103,0.0256586,0.0138228,0.0,0.020463799999999997,0.00348,0.0160244,0.15868569999999999,0.1573936,0.17217090000000002,0.0512755,0.03284,0.0016200000000000001,0.0625304,0.00451,0.048806300000000004,0.0558295,0.0718164,0.0496759,0.1619332,0.032286499999999996,0.044989299999999996,1.1104848,0.00801,0.0483764,0.00803,0.0176072,0.0181796,0.1959138,0.0723664,2.5312905,0.13803120000000002,0.0334462,0.0753539,0.05398,0.05967220000000001,0.43285199999999996,0.006370000000000001,0.0031000000000000003,0.0844384,0.0,0.0,0.00481,0.00853,0.006430000000000001,0.0067,0.005059999999999999,0.1680621,0.1003526,0.32525980000000004,0.22127039999999998,0.1056557,0.1234683,0.1402525,0.00686,0.0447307,0.5394869,0.4258447,0.0435245,0.0060999999999999995,0.0329186,0.0139474,0.0521943,0.00229,0.0,0.0
genus_Veillonella,0.00845,0.00153,0.0148715,0.0,0.0,0.00586,0.0,0.0,0.0,0.0,0.009170000000000001,0.0,0.00805,0.00481,0.00236,0.027780399999999997,0.1071212,0.0,0.0,0.0,0.0,0.0,0.00594,0.0198977,0.43019520000000006,0.0,0.0374146,0.027743800000000002,0.022209899999999998,0.1218274,0.0499282,0.055965400000000005,0.0206706,0.0175277,0.00608,0.008440000000000001,0.00658,0.0065,0.0321337,0.0101523,0.00563,0.0,1.3319398,2.2900763,0.4338549,0.00805,0.049955,0.0313014,0.0,0.00425,0.009229999999999999,0.0,0.0253222,0.00513,0.00687,0.0,0.0,0.0328434,0.1177105,0.0,0.00893,0.0,0.0,0.00217,0.0,0.031002,0.012690400000000001,0.0,0.00595,0.0036699999999999997,0.010310300000000001,0.0,0.0,0.0110717,0.0,0.0,0.0,0.0,0.0,0.0,0.00452,0.0,0.0,0.0457247,0.0,0.0,0.005560000000000001,0.0228206,0.00855,0.0,0.00546,0.0,0.0173986,0.0160244,0.0,0.0,0.0,0.00641,0.0153253,0.0,0.0,0.0,0.0,0.0,0.0,0.00473,0.006229999999999999,0.012914600000000002,0.008440000000000001,1.1499436,0.0,0.00605,0.0,0.0,0.0363592,0.015993,0.00258,0.0323694,0.0,0.0,0.0,0.00527,0.0,0.048509300000000005,0.0127481,0.0031000000000000003,0.00277,0.0,0.0,0.0,0.0,0.00321,0.0,0.0,0.09167020000000001,0.0461079,0.0434507,0.0774446,0.0,0.0372734,0.0,0.00229,0.0178923,0.0315029,0.00865,0.00484,0.0,0.0,0.0,0.0,0.0754959,0.026621199999999998,0.009260000000000001
genus_unclassified_Bacteria,12.4651399,13.01909,3.6807079,4.6652154,4.2610411,3.8851747999999997,1.7584845000000002,1.8038770999999998,3.0207909,2.6963507,2.2470879999999998,11.4734641,2.9980943,3.3920323000000003,10.1645304,1.8335031000000002,2.7059755,4.1502453,2.3202832,8.027706499999999,7.9405418,4.2134608,5.4447215,3.9113132000000004,1.8543675999999998,1.3312977,0.5471892,1.0281518,0.6718489999999999,1.5837563,9.405230000000001,3.9633681,0.18190089999999998,0.1489856,0.5961796,1.6129032,0.6447793,1.0134477,1.2532134,0.6192892999999999,2.9665072,1.7371198,0.0388888,0.0397583,0.014224800000000001,0.2173563,3.1471674999999997,0.0313014,0.0753367,1.5377752999999998,2.0633017,3.6968452,5.1935884,5.6398947,5.6296398,3.6844920000000005,4.0765154,18.7289597,1.3465198,2.662982,5.3151101,3.3454857,1.7431124999999998,12.714201899999999,2.459893,0.812252,6.4847716,12.556847900000001,2.4409121,3.7380778,5.5572739,9.5466691,6.8376932,10.1306466,6.2302413,7.2155225000000005,0.1844338,4.4159690000000005,2.6658625,7.417467599999999,1.8846339,2.7504382,1.6644198,2.9213025999999997,2.1148035999999997,4.044444400000001,1.7159385,12.3345504,12.3588779,4.1827933,3.7095674,6.493860799999999,0.8316515,0.2323532,0.0653412,0.1652632,2.4847394,4.7558005,2.2002802,0.29849780000000004,1.2922949,2.2964666,1.2852320000000002,5.0060482,4.6939186,3.0633486000000003,3.3881414999999997,3.9970727,7.9996626,6.8151071,8.4791925,14.742698200000001,4.3830223,6.1008892,2.6966428000000002,2.4709128000000002,4.8976533,1.5817868,1.4057392,1.760107,2.5243555,0.7070069,1.5725368,1.1903429,1.7630636000000002,1.5252976,5.9314526,2.3072298,2.4779252,1.7558207,2.214767,0.0,0.00335,0.6169718000000001,10.8690338,2.1914836,4.0843689,3.9338718000000004,5.5065257999999995,4.803615499999999,6.854076500000001,0.00914,3.7305420999999996,8.8247455,9.608525499999999,17.8015282,12.112160900000001,15.7482389,31.3174705,31.8124483,3.5803345,6.3997444,5.834774
genus_unclassified_Clostridiales,1.8254034999999997,2.2987452,2.4091906,4.0421859,1.2430527,0.7389163,0.5097056,0.283517,8.2796576,2.8715494,0.49527649999999995,1.2547335,0.8723193,0.6495381,1.0410028,0.7222891,1.2458665,7.9305075,3.8309208,6.385738300000001,0.9685927000000001,0.4739148,2.1375134,1.0915293,0.22528639999999997,0.3145038,0.303994,0.2137903,0.1332593,0.3350254,2.2280472,1.1549224,0.0868163,0.21909640000000002,1.831123,8.1405168,0.4013422,0.8705256,0.1992288,1.0558376,4.7565438,1.5622221,0.0291666,0.2544529,0.014224800000000001,0.0,0.0899191,0.00783,0.018834200000000002,2.4808309,1.7846267,7.383589799999999,2.514497,5.5544158,12.1734946,2.6122994999999998,2.2411787999999997,1.0810959,1.449929,2.0349202,3.8099067,1.6834656,0.4579363,2.2131486,0.4375304,0.7688492,0.5076142,6.2643377000000005,3.5303923,1.8488628,0.7732756000000001,1.5714868,0.6564993,0.7750220999999999,0.30842780000000003,0.43791689999999994,0.2766507,0.428834,0.2774427,14.2618351,0.967907,5.8963642,1.8044177000000001,4.414977400000001,2.1830230999999998,1.2111111,0.2322218,34.088315800000004,34.587752300000005,6.9860666,7.4054866,18.8744884,0.1322291,0.7531448,0.2426958,0.24396,0.3404289,0.8716830999999999,0.6589894,0.2060284,0.5627736,0.07514620000000001,0.47179400000000005,7.816134700000001,0.37344520000000003,0.8634149000000001,4.5964126,0.8179255,0.6635924,0.12401350000000001,1.1615332,2.6183709,1.2755357999999999,1.0476274,7.502121000000001,4.1421774000000005,9.888349,2.5981872999999998,2.0250635999999997,2.0527614,1.8784649,0.1198094,0.26325950000000004,0.1940371,0.1912217,0.3069196,0.8042413,0.1240042,0.19878880000000002,0.1611507,0.1108805,0.0042899999999999995,0.0636665,0.3843431,5.818004,2.465419,2.4754503,1.5488929,2.9086389,0.785072,2.5062504,0.00457,0.7201646,10.9039359,13.170921499999999,6.049908100000001,4.3767144,31.1409573,4.8285865999999995,7.2158671,8.428084499999999,32.0785859,8.6286737
genus_unclassified_Coriobacteriaceae,0.0422547,0.1849389,0.11525450000000001,0.018766,0.0239049,0.0410509,0.029732800000000004,0.0354396,0.0774562,0.029912,0.0,0.0452156,0.0429449,0.0288684,0.1085853,0.0555607,0.0628755,0.0281509,0.0105149,0.0662306,0.0687285,0.043807200000000004,0.06531290000000001,0.5514497,1.8804056999999998,0.045801499999999995,0.009349999999999999,0.0163199,0.011104900000000001,0.07614209999999999,0.0624103,0.1271941,0.00413,0.0175277,0.030417299999999998,0.0,0.00658,0.025985800000000003,0.0,0.0101523,0.0394033,0.00889,0.5468731,0.49830359999999996,0.1493599,0.3059089,0.6194425,0.054777400000000004,0.0376683,0.13805989999999999,0.027682899999999996,0.07743850000000001,0.27348,0.48039119999999996,0.034369000000000004,0.0588235,0.0180949,0.112215,0.8272735999999999,0.0,0.111662,0.075059,0.0,0.052125200000000003,0.009720000000000001,0.006200000000000001,0.0,0.40648769999999995,0.20638610000000002,0.0660308,0.422724,0.022643899999999998,0.10099989999999999,0.1273251,0.0462642,0.0269487,0.0922169,0.0459465,0.0,0.749209,0.016558299999999998,0.0404476,0.0207404,0.1778184,0.0389826,0.0444444,0.0,0.1426289,0.15395140000000002,0.058056,0.0163778,0.0272851,0.00348,0.5047672,0.1213479,0.11017550000000001,0.4304273,0.3589283,0.11165599999999999,0.0616463,0.0347391,0.031561399999999996,0.0691422,0.8746627,0.0976703,0.172683,0.1183358,0.4068103,0.19682829999999998,0.0,0.08811630000000001,0.0907057,0.030130800000000003,0.0704287,0.00606,0.0799648,0.12405669999999999,0.2611135,0.0472212,0.00836,0.0645891,0.0118493,0.0245709,0.0186574,0.006370000000000001,0.0093,0.4775615,0.0150308,0.0647219,0.031268000000000004,0.00853,0.006430000000000001,0.0067,0.0101143,0.1283383,0.116626,0.2073221,0.0648006,0.11808579999999999,0.0442622,0.1341545,0.0205743,0.0492038,0.1240426,0.1556387,0.0725409,0.2133496,0.2172625,0.0836843,0.4045061,0.0343163,0.0479182,0.0555693
genus_unclassified_Erysipelotrichaceae,0.2197245,1.7408715000000001,0.4535822,0.3040084,0.14940540000000002,0.8327469000000001,0.3482989,0.7300563,0.5707297,0.2392958,0.0183436,0.00565,0.0,0.00481,0.00708,0.0,0.011643599999999999,0.3941124,0.2488521,1.2169882,0.5130664,0.3544405,0.06531290000000001,0.0,0.00453,0.0,0.0,0.0,0.0,0.0,0.0,0.0,0.0,0.0,0.6874316,0.9964533,0.4079216,0.5781849,0.970437,0.0304569,0.8162117,0.4861564,1.8253409000000003,5.2480916,4.3812233,1.207535,4.3460885,0.6182017,0.8192862000000001,0.1550519,0.2325367,0.0976398,0.015193300000000002,0.1726673,0.0206214,0.0909091,0.1602688,0.169691,1.7183529,0.3768371,0.5985082,1.0293801999999999,0.0147721,0.8839563,0.19445790000000002,0.0496032,0.08883250000000001,1.2395863,1.7860331999999999,0.8033749,0.0,0.0135863,0.0,0.0,0.007710000000000001,0.0101058,0.4979712,0.0,0.0,0.026864100000000002,0.00602,0.0764011,0.015555300000000001,0.0,0.0292369,0.0111111,0.015296,0.1312186,0.19671570000000002,0.11887650000000001,0.1801556,0.2114598,0.0173986,0.20030450000000002,0.0933445,0.2675691,0.0391298,0.07050379999999999,0.0240827,0.2092729,0.0277913,0.20289459999999998,0.0772766,0.2884526,0.3217374,0.10644840000000001,0.10587940000000001,0.0365914,0.0309302,0.0281849,1.2897024,0.7014573,1.0063676000000001,0.3609473,0.1696764,0.8156411,0.9950377,1.512732,1.5183436,0.6731051,1.5393724,0.092161,0.5581100999999999,0.8022687000000001,0.9420853,1.6493056,1.1973644,1.6308432000000002,0.5640054,0.5604195000000001,0.4378358,0.00857,0.00335,0.0151714,0.9869828,1.5378356,0.7858375000000001,0.4994389,1.5661901999999999,0.3261427,0.9390816999999999,0.00686,0.7693684000000001,1.837012,1.5520633000000001,1.7941774000000001,1.9201462999999999,1.6985976999999999,0.41842169999999995,1.4005480000000001,0.0960857,0.00532,0.0648308
genus_unclassified_Firmicutes,0.8408688,1.0561388999999999,17.1134327,0.848221,2.4861053,0.20818669999999997,0.5734189,0.2728851,0.45250710000000005,0.4187676,0.1192332,0.6443226,0.5743887,0.3560431,0.3942119,0.4907862,0.1420521,0.72388,0.19277280000000002,1.0403731,0.7352354,1.3580247,5.4803468,0.059692999999999996,0.636236,0.048855,0.2572257,0.1370869,0.0,0.5685279,0.4555951,0.1017553,0.012402299999999998,0.0175277,0.182504,0.13511230000000002,0.0460557,0.1494186,0.2120823,0.2538071,0.21390369999999997,0.0296437,0.1531245,0.1908397,0.0640114,0.0724521,2.417824,0.0,0.00942,0.05097600000000001,0.2565286,0.1818121,0.5064445,0.2154067,0.845477,1.0106952,0.5635259,1.1768892,3.5401151,0.3391534,0.4823797,0.1072271,0.1255632,4.261234099999999,0.19931940000000004,0.0496032,0.012690400000000001,1.7969975999999999,0.7243357,0.7997065,0.7732756000000001,0.2581405,0.22219980000000003,0.055358700000000004,0.015421400000000002,0.15495520000000002,0.0138325,0.09699819999999999,0.12062729999999999,0.5283267,0.2845014,0.4584064,0.0829617,0.0254026,0.350843,0.0444444,0.1891148,0.23391150000000002,0.27369140000000003,0.37874599999999997,0.2620445,0.25920869999999996,0.1113508,0.0560852,0.0,0.0393484,0.0156519,0.12177930000000001,0.0897627,0.006490000000000001,0.0416869,0.0225438,0.1260829,0.5769052,2.5336819,1.5399536,0.217987,0.3099507,1.4649646,0.0507328,0.8811631,6.2405515000000005,1.4161461,0.6162514,2.6542237,0.43181,1.0984183,0.5179111000000001,0.4703959,0.9615787,4.639646900000001,0.00263,0.0140405,0.4813612,1.0784901,0.17671130000000002,0.1356552,0.3344356,0.1525588,0.1274774,0.0881358,0.0,0.0,0.0,0.6172462,2.3623542,2.4816576,0.8345055,2.0633934,0.5754088,1.6525398,0.0,0.6128108999999999,1.5928646000000002,1.6428525,0.4932779,2.3224627,0.4213576,2.5746883,1.5962767999999998,0.1349775,0.27153659999999996,0.2654977
genus_unclassified_Lachnospiraceae,6.714273599999999,7.4174271,2.7958508,12.1603363,16.7453535,8.2395027,2.0303275,3.8274798999999997,4.867509200000001,10.0846082,12.785471900000001,5.018934,6.4497947,7.101616600000001,8.5451927,7.380312999999999,13.2970053,3.1569211,6.0670849,5.2708558000000005,4.7886198,4.7590601,22.746704700000002,4.0818647,2.7509848999999997,3.1938930999999995,4.2091479000000005,2.6764586,0.9661299,6.3248731000000005,2.8583911,7.107606199999999,0.6118484000000001,0.7449279,5.8218761,7.5325114,3.7963023999999996,7.8931982,5.8611825,4.5380711,10.1435407,6.0354538,3.4440853000000002,4.8690628,7.2297297,3.4938013,17.5142372,3.6231317,4.2941896999999996,2.3937469,4.713481600000001,6.6361402,4.9454306,3.9439943,7.2587297,7.537433200000001,8.5588729,8.0521116,11.9107601,7.5744253,14.194470500000001,4.1389663,2.0902578000000003,5.7772083,6.1545941,4.0860615000000005,7.0558376,6.6205176,8.711873200000001,6.1738811,8.490566,5.0088311,5.9387941,4.904783,2.3826047,6.3262144000000005,0.9244743999999999,4.1300796,5.4282268,7.611485900000001,8.2008671,7.83785,4.9051125,1.9763247000000002,6.315174,7.911111099999999,1.646411,6.030351400000001,8.8778652,14.527811600000001,8.538283100000001,6.487039599999999,3.1804579,0.9294126999999999,4.6765612,3.7774455,3.7408045000000003,8.6976029,6.9883527,2.2046657,4.8495797,4.657559,1.6553463000000002,2.6053782,3.3294074,6.748829100000001,2.5535625,4.759034799999999,5.244067,3.3483653,2.0827492,5.9261051,12.8236547,5.3173695,3.4662465000000005,7.740594100000001,4.080947,7.788088,2.4028332999999997,2.7676742,3.0948921,3.5600495000000003,6.0970901,3.9553715000000005,9.069005500000001,6.5011161,5.3251571,5.5538855,9.0240858,4.6517221,2.7435817,2.6743238999999996,2.747713,6.215232100000001,11.064597,10.4068348,8.9794044,13.3173176,13.455562500000001,15.2378512,13.9520702,4.1628566,13.897835,7.245663400000001,4.6734830999999994,12.665635,10.039622099999999,5.3196392,3.4896371000000004,6.463398700000001,6.899864999999999,4.2860185,6.6281798
genus_unclassified_Porphyromonadaceae,0.0,0.0045899999999999995,0.0,0.12385530000000002,0.2330724,0.0,0.0,0.0,0.0122299,0.1025553,0.0275154,0.0339117,0.6227018,0.2501925,0.6019404,0.4259654,0.2747893,0.0,0.0385546,0.063471,0.0623352,0.0159299,0.0,0.00853,0.0,0.0,0.0,0.0,0.0,0.0,0.0,0.0,0.0,0.0,0.0,0.0422226,0.0197381,0.0065,0.0,0.0101523,0.0225162,0.0237149,0.0024300000000000003,0.0,0.0,0.0,0.0,0.0,0.0,0.010620000000000001,0.0018499999999999999,0.0,0.0,0.0,0.0,0.0,0.0,0.0,0.0,0.0,0.0,0.0,0.0,2.8277914,0.0,0.0,0.0,3.4672194000000003,0.906908,1.4269993,21.7857511,0.0,0.11109990000000002,0.5203720000000001,47.7600432,8.3440005,1.7498156,12.4923423,0.2291918,0.0,0.0,0.22021480000000002,0.4822151,0.0,0.0,0.1,0.0,0.0627567,0.1111871,0.0469977,0.46949640000000004,0.0,0.00696,0.3365115,0.6814151,0.11017550000000001,0.1486931,0.9165492000000001,0.35467200000000004,0.0924694,0.00695,0.09919289999999999,0.0325375,0.0,0.1953406,0.1253726,0.0747384,0.0731828,0.1883928,0.0169109,1.3017182999999999,0.5926105,0.1044533,0.2817149,0.1272573,0.0959578,0.23777529999999997,0.00863,0.0217944,0.00836,0.00538,0.9940226999999999,0.0,0.0,0.0,0.0,0.0138424,0.0,0.0,0.0,0.0,0.0,0.00335,0.0,5.0357514,4.7816653,3.7168999,1.5330878,1.7837166000000002,4.7756604000000005,2.5855235,0.0,1.7266058000000002,0.1220737,0.159962,0.0967212,0.030478500000000002,0.0987557,0.2120003,0.0130486,0.0,0.00532,0.0
genus_unclassified_Ruminococcaceae,5.7297389,4.8894187,10.242778,2.8148927,2.7789398,2.9644616,4.8804316,2.5800050000000003,2.8781084,2.1493889,3.6411997,2.390776,4.5360603,1.5637028000000002,2.105611,2.5743123999999997,2.5569373,2.0308855,4.4898530999999995,4.8872699,5.3464396999999995,8.0923935,5.0053437999999995,8.0841387,1.968709,3.1328243999999996,1.3609578,1.126071,1.4269850000000002,1.5837563,3.94433,6.268125200000001,0.6118484000000001,0.4075194,5.0492761,1.7564601,1.0987565,1.1238875000000002,0.7455013,3.1370558,6.9462426,2.6027154,0.23819359999999998,2.9818702,0.8534851,0.724521,0.5694875,0.2660615,0.2919296,11.7775748,4.1266033,3.3298542,6.953483100000001,7.687968000000001,10.365686,3.3262031999999997,3.9240016000000004,4.1355338,4.7370216,3.9693506000000003,10.1478405,4.224748,1.905606,7.7514497,2.2508508,1.624504,3.2994924,21.0427818,8.6186025,6.9002201,3.2529127,3.4826321,15.4226846,2.3914969,3.2693345999999996,5.8916661,5.8211914,2.0624872,3.3172497,11.6828846,1.5218569,2.5392117,5.5739915,15.602296399999998,6.0325504,3.3444443999999995,0.2739383,6.9659973,9.9982894,11.790887999999999,3.513034,7.6739427,2.8220475,10.4719173,7.5329039,14.2834658,6.315542300000001,9.543648300000001,3.6671337,4.5618247,19.5164316,1.0264965,2.9202424000000002,15.371731599999999,3.6023096,3.5530113,7.2869955,4.7332056,4.9910021,0.9582864,6.3283534,9.1552277,2.9126409,7.1221058,7.5808993000000005,6.085322499999999,9.8495813,15.2762192,14.022884099999999,7.8598604000000005,10.1028042,4.7568265,9.4597915,2.2165006000000003,2.1123618,1.7919147,5.2988566,3.3067789,3.2360963,6.2512026,7.582520700000001,0.23786050000000003,0.1842978,0.4450288,8.3419911,8.3238405,6.0644809,8.3608604,11.870727200000001,5.7936914999999996,8.6346728,0.2720373,3.8423689,8.1749985,11.2535397,8.4824451,8.4669308,14.148396899999998,10.0895422,14.7970945,9.4003798,5.6224044,5.1957273
