,ZOZOW1T-4026,ZOZOW1T-44,ZOZOW1T-59,ZOZOW1T-6021,ZOZOW1T-6031,ZOZOW1T-61,ZOZOW1T-62,ZOZOW1T-63,ZOZOW1T-64,ZOZOW1T-70,ZOZOW1T-7011,ZOZOW1T-7015,ZOZOW1T-7022,ZOZOW1T-7036,ZOZOW1T-7040,ZOZOW1T-7044,ZOZOW1T-7045,ZOZOW1T-71,ZOZOW1T-80,ZOZOW1T-82,ZOZOW1T-83,ZOZOW1T-84,ZOZOW1T-86,ZN9YTFN-01,ZN9YTFN-03,ZN9YTFN-04,ZN9YTFN-07,ZN9YTFN-08,ZN9YTFN-09,ZN9YTFN-11,ZN9YTFN-12,ZN9YTFN-6011,ZN9YTFN-6021,ZN9YTFN-6031,ZN3TBJM-01,ZN3TBJM-02,ZN3TBJM-03,ZN3TBJM-04,ZN3TBJM-06,ZN3TBJM-07,ZN3TBJM-10,ZN3TBJM-11,ZN0JE53-01,ZN0JE53-04,ZN0JE53-07,ZN0JE53-08,ZN0JE53-09,ZN0JE53-11,ZN0JE53-12,ZMBVNFM-04,ZMBVNFM-07,ZMBVNFM-10,ZMBH10Z-01,ZMBH10Z-04,ZMBH10Z-05,ZMBH10Z-08,ZMBH10Z-08_2,ZLZNCLZ-01,ZLZNCLZ-03,ZLZNCLZ-06,ZLZNCLZ-08,ZLZNCLZ-10,ZLZNCLZ-11,ZLZNCLZ-12,ZLZNCLZ-13,ZLZNCLZ-14,ZLZNCLZ-2011,ZLYEM2C-01,ZLYEM2C-03,ZLYEM2C-07,ZY1ZKJY-01,ZY1ZKJY-04,ZY1ZKJY-05,ZY1ZKJY-06,ZY1ZKJY-07,ZY1ZKJY-08,ZY1ZKJY-09,ZY1ZKJY-11,ZY1ZKJY-2011,ZVTCAK9-01,ZVNCGHM-02,ZVNCGHM-09,ZVNCGHM-10,ZVNCGHM-6021,ZVNCGHM-6031,ZVNCGHM-6041,ZVGW5FI-01,ZV14SIB-01,ZV14SIB-02,ZV14SIB-03,ZV14SIB-04,ZV14SIB-05,ZUL3S6O-07,ZTMFN3O-01,ZTMFN3O-02,ZTMFN3O-04,ZTMFN3O-05,ZTMFN3O-06,ZTMFN3O-07,ZTLIFAS-01,ZTLIFAS-03,ZTLIFAS-04,ZTLIFAS-05,ZRLZ98T-6011,ZQFL1P3-01,ZQFL1P3-03,ZQFL1P3-6011,ZQFL1P3-6021,ZQFL1P3-6031,ZPMBHPS-01,ZPEL6L3-02,ZPEL6L3-03,ZPDABJR-3011,ZPDABJR-6011,ZLPRB8E-06,ZLPRB8E-07,ZLPRB8E-08,ZLGD9M0-05,ZLGD9M0-07,ZLGD9M0-08,ZLGD9M0-09,ZLGD9M0-13,ZLGD9M0-15,ZL9BTWF-04,ZL9BTWF-05,ZL9BTWF-06,ZL9BTWF-07,ZL9BTWF-09,ZL9BTWF-10,ZL9BTWF-11,ZL9BTWF-12,ZL9BTWF-6011,ZL9BTWF-6021,ZL9BTWF-6031,ZKFV71L-01,ZKFV71L-04_2,ZKFV71L-05,ZKFV71L-07,ZKFV71L-09,ZKFV71L-12,ZKFV71L-2011,ZKFV71L-6011,ZKFV71L-6021,ZK4CK8Y-01,ZK4CK8Y-04,ZK4CK8Y-05,ZK4CK8Y-06,ZK4CK8Y-07,ZK4CK8Y-08,ZK4CK8Y-09,ZJXC41N-6021,ZJXC41N-02,ZJXC41N-11
genus_Akkermansia,0.4521253999999999,0.00917,0.0,0.2364509999999999,0.2988107,0.0117288,0.0,0.00709,0.00815,0.2051106999999999,0.0,0.0565195,0.0858899,0.00481,0.2832661,0.0370405,0.2328722,1.2547253,0.1962777,0.0745094999999999,1.2610885,0.2628435,0.2315639,14.9516771,0.0203777,0.2106869999999999,0.0,0.0,0.0,0.0,0.1248206,0.0,0.0,0.0,0.0547512,0.0506671,0.0,0.0194894,0.0,0.3756345,0.3771461,0.0,0.0850691,0.2650551,0.0,0.0,0.00999,0.0,0.0,16.3611648,0.1125773,0.0707047,8.789344400000001,9.4522515,0.3093209,0.184492,0.0646245,0.00821,0.0,0.0,0.0,0.0,0.0,0.0521252,0.0,0.0,0.0,2.5697267,0.0,0.0,0.4124137,0.8423531999999999,0.7978992,0.0498228999999999,0.0539748999999999,0.1684296,0.0,0.0663672,0.1688782,0.9700913,0.2980491,0.0,0.1088872999999999,0.3556368,0.00975,0.0222222,0.0,0.0,0.0256586,0.0082899999999999,0.00273,0.1500681999999999,0.0,0.0,0.0,1.2119304,1.756926,1.8651455,0.085384,0.4704585,0.0,0.0,0.2277626,0.0,0.0,0.2247244,6.963129,0.0516584999999999,0.1434034,0.011274,0.3524653,0.3446816,0.0482092,0.7747161,0.139377,0.0,0.090458,11.277514,7.5208863,1.2458715,8.617256,0.2159201999999999,0.0,6.948020400000001,4.660709,1.1191716,0.0470639999999999,0.00752,0.0,0.5989032,0.6169505,0.057858,0.0435613,0.0,0.1252826,2.4328723,3.9689141,0.1675333,1.2989434,0.102502,0.0792731,0.1303036,0.2907497,2.1874815,7.2998854,1.7941774,0.1280097999999999,0.3489367,0.2733689,0.0956896,0.00229,0.0106485,0.0123487
genus_Alistipes,1.094397,7.764378600000001,4.6771015,0.7881699000000001,1.0518138,2.6653765,4.663806699999999,2.4595102,2.0505503000000003,1.6109734,3.8888379,1.9442717000000005,4.5629009,1.76097,2.4644147000000003,2.9447171,0.8150529,3.2051798,1.9347377,5.1107984,2.2456645,1.385902,2.1256383,5.872654900000001,1.4887017,1.8870229,5.3035263,2.629131,1.1882288,4.2893401,7.22087,0.2391248999999999,0.4712886,0.6266158,0.6691812,0.7684513,0.1776433,0.5197168,0.0899743,1.2791878,3.1410076,4.2568329,0.3232628,1.6194869,0.4907538999999999,0.1771051,0.0899191,2.2380468,0.9417083,8.8315881,4.7725385000000005,9.8279519,6.7103897,10.3873902,7.753643100000001,9.1497326,14.4500452,2.0746093,0.2871256,2.876523,2.6262897,1.1902209,1.3147204,1.7570532,3.189110400000001,2.2693452,1.0152284,2.7085765,1.0577286,1.3536317,0.3505516,2.22816,2.7976972,1.4946856,0.6554091,1.1891127,6.7018628,1.6387584,1.1821472,0.9014387,5.8827071,4.4986742,4.3399357,5.075445800000001,1.9881103,2.3333333,0.1682565,0.4450023,0.83818,0.7796085,2.0226559,1.9372442,3.9355557,17.4505248,1.1201344,4.997245599999999,6.4251057,8.1463915,12.759436,5.8255735,11.9433058,2.9968288,8.0815065,49.3067833,1.4621815,2.8173345,2.7404086000000003,1.784369,4.8729052,2.0124014,1.3377659,1.3545383,3.7542936,3.5038295999999995,6.284086799999999,3.6503938,11.0798098,0.9559776,8.1274973,3.7041682,3.0195382,7.6111857,10.6953561,1.1119818,2.6159122,1.4074901,4.5139946,2.089283,1.5348343,0.8803156,1.9133995,0.2828612,0.2111047999999999,0.4298574,2.3498136,2.4165989,3.0713461,2.0024972,1.535115,1.9615152,2.6769925,0.2148866,2.5675434,4.0264624,11.5410389,3.3513879,7.6257239,2.8836658,5.8188513,6.733069499999999,16.8012628,12.3416037,14.3739195
genus_Bacteroides,16.1708781,32.0555734,26.5494293,58.118150400000005,40.0227096,47.5105559,62.0779,65.0990538,54.9653486,55.1277669,42.6763276,38.1054654,28.5557077,38.7557737,19.5854873,43.0688027,35.9880769,51.4276522,63.7727384,29.342936800000004,54.175657300000005,62.70011949999999,24.5873412,16.0005685,17.8530997,10.3328244,26.1294547,12.9742962,3.8811771,11.9746193,21.1508457,0.7886034,1.9471661,5.5628588,65.4945857,48.3110961,77.14981250000001,61.7943221,72.8920308,76.6091371,41.0920349,38.3944981,43.4776268,30.5873622,41.650071100000005,64.4099179,5.6549106,49.988262,68.3774367,27.212676,44.990311,32.8642133,38.816439200000005,25.2726775,26.4366236,47.8636364,31.443712,11.6101486,10.2705141,45.9866851,14.8153111,52.2196011,72.9595982,24.092696,47.9290228,62.140377,43.591370600000005,16.2675575,28.6221746,43.866471,6.366635700000001,35.0255876,25.3105747,22.9960142,7.8571979,38.2436165,66.40538550000001,45.1092506,54.3546441,7.9189302,41.3836705,29.2795829,44.0578658,6.5945232,16.674788,26.866666700000003,64.53402679999999,5.288681,4.3020869,12.4433263,23.5921933,33.0968622,43.7852321,19.7420079,39.1860357,26.449988200000004,39.0475818,29.5154467,40.5201857,68.8118491,18.9883971,20.9838135,57.42872249999999,1.6097515999999998,35.2819511,24.0194919,6.190832100000001,12.4303149,34.8414127,48.2243517,45.5601394,25.3068876,7.7717293,18.1265957,38.6256211,26.716244900000003,24.0178848,14.0310747,28.723211,54.316652,36.2990473,14.1598862,40.324335700000006,13.231837,24.693089200000003,8.113219200000001,49.894798,67.0261536,64.7589108,55.9216856,40.5680494,48.70141,46.5670341,51.749772400000005,24.7723523,29.0805533,24.7234671,32.3686997,6.7557489,26.9789871,25.9588999,74.7782553,31.8393272,8.0017327,4.8572231,12.4238321,15.2880219,3.8975574,12.809283399999998,2.3922404,26.9245728,9.0405708,27.8463818
genus_Barnesiella,0.3464886,1.6140126,0.7770383,0.1276084999999999,0.2988107,0.961764,1.7372466999999998,0.6946167,0.737872,0.8930861,0.3485279,0.3447691,0.4804466,0.6254811,0.2124495,0.3611446,0.3050625999999999,1.3230918,0.7570713,2.9721003,0.0495485,0.0557547,0.2493766,0.0,0.0,0.0,0.0,0.0,0.0,0.0,0.0,0.0,0.0,0.0,0.0608347,0.2364465,0.0592143999999999,0.0779575,0.1028278,0.4467004999999999,0.5572755,0.2608644,0.00243,0.0106021999999999,0.0,0.0,0.0,0.0,0.0,1.8669952,1.0519516,2.9460288,0.7115545,0.0735118,0.6736321,0.513369,0.1654388,0.9305635,0.4906436999999999,1.808818,1.0228237,1.14733,1.8760617,2.1545077,4.4287798,3.999256,1.8147208,0.0181108,0.00397,0.0403522,0.1340344,1.1593678,0.9392991,0.6255536,0.454931,0.8589908,0.0,1.0159281,1.145959,0.0,0.3492293,1.4426318,3.1732863,0.7417568,0.0584738,0.3444444,0.0,1.3121862,1.4112213,1.2164105,1.6841818000000002,0.0,1.7537755,0.0,0.0,0.0314787,0.0,0.0,0.0,1.5898251,0.9935385,0.0480935,2.7819579,0.7443938,0.32461,1.3625396,0.3674639,0.3207129,1.8192554,1.4036077,0.8731526,1.3787265,0.0843661,0.5898407,2.9026785,3.8902883,6.347565400000001,0.3754855,6.9869234,2.0903884,3.1379515,0.00132,0.0,0.0,0.00127,0.0,0.0719803,0.0,0.0,0.0,0.0,0.00107,0.00335,0.0,0.8861456,0.0108489,0.0,0.00316,0.0,0.0,0.0365876,0.00686,0.0,0.112229,0.0410713,0.0241803,0.1219141,0.1119231,0.4407375,0.0652429,0.0,0.0,0.0
genus_Bilophila,0.0042299999999999,0.0825347,0.00372,0.00375,0.00598,0.0,0.0,0.0,0.00408,0.00427,0.0,0.1017351,0.0134203,0.0,0.0,0.0,0.0,0.0,0.0,0.0110384,0.0048,0.0,0.0118751,0.0,0.0,0.0,0.0,0.0,0.0,0.0,0.0,0.0,0.0,0.0,0.0,0.00844,0.0,0.0,0.0,0.0203046,0.0112581,0.0237149,1.5993,0.5513147,0.0817923,0.0161005,0.0,0.0391267,0.1035879,0.2506319,0.0,0.0134676,0.0405156,0.2684035999999999,0.0481166,0.00535,0.0258498,0.1532693,0.0,0.0628061999999999,0.0178659,0.0,0.0147721,0.0195469,0.0291687,0.0,0.0,0.4869803,0.107162,0.0073399999999999,0.00516,0.0317015,0.0101,0.0276794,0.0,0.0134744,0.1291037,0.0153155,0.0241255,0.0596979,0.0015099999999999,0.0224709,0.00519,0.0152416,0.0,0.0111111,0.0,0.00571,0.00855,0.0,0.00273,0.0,0.0104391,0.0801218,0.1120134,0.3934839,0.0352168,0.1345981,0.0569226999999999,0.0243341,0.0,0.0285555,0.0,0.0093,0.00862,0.0118276,0.0373692,0.00215,0.0,0.011274,0.056074,0.0423293,0.0180785,0.0176072,0.0,0.008,0.0155071,0.0539491,0.1798039,0.0543501,0.0107648,0.038181,0.0737126999999999,0.0,0.00127,0.0,0.0,0.0,0.0,0.0,0.0,0.0728582,0.0603157,0.1163144,0.0122227,0.0,0.0297947999999999,0.00158,0.00622,0.0,0.0,0.00914,0.00447,0.0511922,0.0670111,0.0145081999999999,0.0731484,0.0131674,0.0111579,0.0217476,0.00686,0.00532,0.0370462
genus_Blautia,1.2296121,2.8764883,2.2418857,1.2573187,0.7769079,1.8883415,1.2572739,1.5770635000000002,1.1618426,1.1281087,0.8896634000000001,0.7799695,0.4750785,1.6599307,2.5446734,0.8797111,2.5196777,0.9289793,1.0234482,1.9869194,1.3889555,1.393867,0.3859399,4.1472428,4.884979400000001,1.3312977,1.0148723,2.005712,1.7268184,3.9746193,6.8776134,20.3968456,0.2273761,0.5083038,5.767125,1.9760176,1.2895584999999998,1.5331644,1.6066838,2.0913706,4.2443006,1.778621,1.8277714,2.4676633,2.8236131,1.4892932,5.7847937,1.6511464,1.3560599,1.2850194,0.6533173,1.1851453,1.0559368,1.9044688,0.7698653,1.1203209,1.8792814,2.8026384,3.6358236,1.0048989,3.9305016,3.6993352,0.3693035,2.7843538,1.560525,0.5270337,2.0812183,1.0625025,1.7780953,1.4526779,2.5002578,1.5805443999999995,0.3938996,0.8635961,0.3238492,1.1116351,0.5855773,1.0669798,0.7599517,8.2204048,0.927264,1.2314053,1.1614643,0.2083016,0.5555013999999999,1.0444444000000002,1.5393387,1.340712,1.0605542,0.718788,1.6841818000000002,1.0845839,0.3027351,0.6810352000000001,0.0466723,10.096797,7.9746439,5.5057044,3.0103337,1.4129976,1.1047037,2.1116071,1.4235165,1.0328464000000002,1.1088449,1.814354,0.928002,1.3603392,2.7387246,0.4565953,1.95458,0.9312451,1.2273266,0.8451448,0.424191,3.4944624,2.289879,3.7009063,3.3091173,4.5445044,1.3886646,1.1625458,4.1630103,1.500056,1.1728261,1.3361855,1.6680047999999998,4.5054862,2.5796311,2.0348278,1.4442897,3.0654009,2.4260296,3.3832305,1.3842205,1.6653106000000002,1.3854577,2.193738,1.224363,1.8823091,1.2439783,2.2654535,2.1783861,1.0829117,0.9057305,1.1945062,3.2916794,0.9414708,1.405897,2.009482,0.752671,0.5217762,1.4571499
genus_Butyricicoccus,0.0633821,0.3576505,0.0780756,0.0487915,0.1195242999999999,0.0557119,0.0424755,0.0212638,0.0407664,0.0256388,0.0733743,0.0169559,0.2335132,0.2117013,0.2100889999999999,0.1018613,0.1327372,0.0402156,0.0315446,0.1159036,0.0111884,0.0517722,0.2731267,0.6736782,1.7819136999999998,0.1740458,0.1496586,0.0554876,0.0777346,0.0812183,0.430631,0.1221063,0.0124022999999999,0.0482012,0.0669181,0.0337781,0.0131588,0.0324823,0.0385604,0.0609137,0.1970166,0.0266792999999999,0.4909705,1.6459924,0.2880512,1.102882,1.3487861,0.1408561,0.1977586999999999,0.3419638,0.2657562,0.1481432,0.1797878,0.2119876,0.0549904,0.0534759,0.0749644999999999,0.3776993,2.932861,0.2009798,0.6744382999999999,0.5254128,0.1181771,0.0608127,0.3014098,0.1798115,0.0634518,0.1690345,0.3075946,0.1173881,0.7165687,0.5117522,0.1615998,0.0996457,0.1156604,0.0774776,0.00922,0.122524,0.1447527,0.00895,0.0647278,0.1213429,0.1088872999999999,0.1371742,0.5555013999999999,0.2222221999999999,0.00139,0.1141031,0.0940814,0.1244055999999999,0.0627815,0.047749,0.0521957,0.2804262,0.2987025,0.1023058,0.00783,0.102551,0.2452054,0.017845,0.2292780999999999,0.0766491,0.1179485,0.0558295,0.00287,0.1182759999999999,0.031141,0.0538109,0.1490271,0.0732807,0.0480634,0.0604704999999999,0.0482092,0.1408575,0.187856,0.1599296,0.3101416,0.1467415,0.0127134,0.0250847,0.00538,0.0697791,0.1509354,0.2835927,0.2715347,0.0806052,0.9205172,0.0789118,0.2588877,0.0841832,0.4321496999999999,0.1350019,0.0904735,0.2275716,0.2475096,0.1573095,0.3513302,0.1896603,0.0994406,0.0232959,0.0731752,0.2651792,0.125246,0.0255961,0.0475562999999999,0.0338524,0.060957,0.0131674,0.0195263,0.0,0.1258265,0.2182941,0.2006668
genus_Butyricimonas,0.3084594,0.2246778999999999,0.1115366,0.0750638,0.2629534,0.1172883,0.1614068,0.2232697,0.1386058,0.0811896,0.0917178999999999,0.1639066,0.7515366,0.2646266,0.1959256999999999,0.0740809,0.00931,0.0965173,0.1016437999999999,0.226288,0.1422521,0.0557547,0.2909393,0.0,0.0,0.0,0.0,0.0,0.0,0.0,0.0,0.00509,0.0,0.0,0.0243339,0.0506671,0.0131588,0.0194894,0.0,0.0609137,0.0337743,0.1245035,0.0,0.0,0.0,0.0,0.0,0.0,0.0,0.0,0.0,0.0,0.0,0.0,0.0,0.0,0.0,0.0109478,0.0022,0.0628061999999999,0.0267989,0.0214454,0.103405,0.1368286,0.2041808,0.093006,0.0253807,0.0523202,0.0555655,0.0843727,0.0257758999999999,0.0860467999999999,0.2221998,0.2269708,0.3315598999999999,0.2661187,0.3388971,0.3165203,0.3015682,0.0,0.0,0.0,0.0,0.0,0.0,0.0,0.0,0.0627567,0.0342114,0.058056,0.0436741,0.0136426,0.1357088,0.80923,1.1574722000000002,1.3614543,3.5842855,3.2175362,1.5412907999999998,0.2514519,0.4793997,0.2600057,0.2236954,0.0651345,0.2125765,0.3311728,0.0560537999999999,0.0387438,0.0,0.0,0.1602115,0.1632702,0.0783399999999999,0.2288934,0.2969336999999999,0.1439367,0.3359868,0.0,0.0018199999999999,0.0,0.0,0.8254996000000001,0.0,0.0522408,0.0395190999999999,0.0403026,0.1121231,0.0225462,0.0600989,0.0986146,0.127939,0.1307162,0.127333,0.1416001,0.2261199,0.5234608,0.1688371,0.2117874,0.1118707,0.1444346,0.1646442,0.0388624999999999,0.1341921999999999,0.1260115,0.036748,0.0338524,0.0731484,0.0329186,0.0669475,0.0434953,0.2196244,0.2715365999999999,0.1852308999999999
genus_Clostridium.IV,1.7113158,0.076421,0.0148715,0.1125956999999999,2.9761549,1.2080693999999998,0.00425,0.00354,0.0856094999999999,0.8717204,5.1912318,5.8271633000000005,11.3374668,4.2003464,7.2775771,9.7972034,1.8257184,1.1863589,0.1051488,0.3283936,0.4411412,0.5933891,2.0959506,0.1165435,0.0350949,0.0183206,0.0,0.0130559,0.0111049,0.00508,0.1310616,0.172984,0.00827,0.0,0.00608,0.00844,0.0131588,0.0065,0.0192802,0.0,0.0,0.0059299999999999,0.00486,0.8190204,0.0924609,0.0241507,0.019982,0.0,0.00942,0.2952359,0.062748,0.1111074,0.0025299999999999,0.0359011,0.00687,0.00535,0.00517,6.1362454,0.0242022,0.6029393,0.1652597,0.0107227,0.0,0.5234238,0.1020904,0.0062,0.3172589,1.1329336,0.9962096,0.0293469999999999,0.0463965,0.081518,0.1413999,0.0498228999999999,0.0308428,0.0437917,0.0899115,0.0204207,0.2171291,0.1402901,0.00301,0.0134825,0.0829617,0.6198241999999999,0.1559302,0.1333333,0.00139,0.0,0.0256586,0.0082899999999999,0.00819,0.0,0.0556754,0.088134,0.0,0.0236089999999999,0.0508686999999999,0.0640943,0.0875732999999999,0.00162,1.3548253,0.09769,0.1301501,0.595515,6.0957743,5.5826276,1.4075735,1.7284057,4.9685075,0.0,0.6288301,0.2237407,1.5667999,0.4665904,6.0174524,6.4251729,0.9536855,0.1855848,0.2306575,0.1254233,0.2906507,0.0236986,0.2281581999999999,0.1455277999999999,0.0101985,0.1581101,0.2020985,0.00752,0.00925,0.3728112,0.0199016,0.00536,0.050263,0.0606857,0.1252826,4.4372118,3.5617187,1.4319356,0.7582349,1.4117318,0.4329532,0.0205743,1.5924137,1.0080923,0.0929509,1.0155721,0.2560195,1.4945026,0.0278948,0.2174764,0.2699549,0.1064849,0.8520622
genus_Clostridium.XI,0.1183132,0.1528421,1.3310035,0.6380423,0.0119524,0.1730002,0.2930807,0.0496155,0.1386058,0.3333048,0.1650922,0.1017351,0.4106610999999999,0.4234026,0.7482945000000001,0.3055838999999999,0.1909552,0.253358,0.0385546,0.0855479,0.4315511999999999,0.3783353,0.1246883,1.3530415,0.2852873,0.0335878,0.0187073,0.0359037,0.0555247,0.0101523,0.0936154,0.7580768,0.074414,0.0241006,0.182504,0.1773349,0.2565958,0.0065,0.0192802,0.0406091,0.0337743,0.0,0.0364582,6.2102417,0.0960171,0.2093060999999999,1.228894,0.046952,0.2919296,0.9175676,0.2473009,1.2423824,0.1063533,0.0649639,0.0274952,0.00802,0.00258,7.064072,25.4122617,0.1758573,2.0501139000000004,1.7049109999999998,0.4653224,0.00434,0.2868255,1.6617063,0.0761420999999999,0.6861995,0.0972396,0.0733675999999999,6.8718425,0.5434536,0.3433997,0.2712578,0.0154214,0.0067399999999999,0.0,0.0,0.0,0.1970032,1.0160766,1.0111905,0.4355491,1.7019763,0.5555013999999999,0.1333333,0.2280501999999999,0.0855774,0.0855286,0.00553,0.0,0.00682,0.2366205,0.4647064,2.3242789,0.1888723,0.0899984,0.2627868,0.0766266999999999,0.017845,0.0555826,0.0015,0.3945174,0.4931609,0.0,0.2483795999999999,0.217987,0.8093157,0.2361938999999999,0.0394589,0.0120159,0.0181411,0.0421831,0.0088,0.0121197,0.0239893999999999,0.0103381,5.1899007,0.7555394,2.1280154,2.314441,0.0,0.3124013,0.0,0.00255,0.0062,0.0096899999999999,0.0,0.0,0.0,0.00284,0.0,0.00335,0.0,0.0611134999999999,0.0216979,0.1005573999999999,0.00158,0.0124301,0.0302847,0.0182938,0.0,0.00895,0.1555455,0.2161648,0.4013928,0.615666,0.9546382,0.0502106,0.4393023,0.0251653,0.1757001,0.0926155
genus_Clostridium.XVIII,0.0126763999999999,0.0427957999999999,0.0371789,0.0300254999999999,0.0119524,0.00586,0.0509706,0.0815111,0.0203832,0.0170926,0.0366872,0.0960832,0.0161044,0.0914165,0.0920614999999999,0.1481619,0.2258861,0.0120647,0.0,0.0386345,0.0319668,0.0119474,0.0237501,0.1449687,0.6317075999999999,0.00916,0.0327378,0.0424317,0.0166574,0.0609137,0.1747487999999999,0.1526329,0.00413,0.0,0.0486676999999999,0.0675562,0.00658,0.0324823,0.0,0.0,0.00563,0.00889,0.0461804,1.6406913,0.0889047,0.00805,0.0,0.00783,0.0282512,0.0085,0.0203008,0.0101007,0.1012889,0.044449,0.0206214,0.0508021,0.0232648,0.3558037,1.8239623,0.1632961,0.4913127,0.0321681,0.0,0.0108594,0.0291687,0.0248016,0.0634518,0.0885419,0.1865412,0.0476889,0.3453964,0.7563063,0.2120997999999999,0.4373339,0.1079497,0.7242471,0.0,0.3267307,0.1568154,0.1402901,0.1926782,0.0943778,0.145183,0.0101611,0.0389826,0.1333333,0.0292015,0.0228206,0.0769757,0.0497622,0.021837,0.00682,0.0139189,0.1762679,0.0653412,0.3305265,0.1252152,0.4678886999999999,0.236448,0.0113559,0.00695,0.0,0.0,0.0279148,0.0201086,0.0071,0.0249128,0.00861,0.0253065,0.011274,0.0160211,0.0,0.0763312999999999,0.0176072,0.0,0.0,0.0,0.00432,0.0308754,0.0,0.0645891,0.0,0.0315911,0.00373,0.00637,0.0031,0.0622906,0.0,0.00462,0.00722,0.0,0.0310719,0.0167543,0.0505715,0.1252826,0.1274749,0.049658,0.0426736,0.0435053,0.0605694,0.0792731,0.0137162,0.0581499,0.1279805,0.1232138999999999,0.0435245,0.0853398,0.0790044999999999,0.0111579,0.1261363,0.00458,0.00532,0.0
genus_Clostridium.XlVa,0.0126763999999999,0.0947621,0.0594862,0.018766,0.0358573,0.0762374,0.0085,0.0708792999999999,0.0733795,0.0769165,0.0642025,0.0565195,0.0724696,0.0962279,0.068456,0.0555607,0.0884915,0.0201078,0.0385546,0.0579518,0.00959,0.0358423,0.0118751,0.0682205999999999,0.0396232,0.0366412,0.0888598,0.0685435,0.0666297,0.0609137,0.0624103,0.0814042,0.0124022999999999,0.0131458,0.0547512,0.1266678,0.0592143999999999,0.2663548,0.1735219,0.1522843,0.0956938,0.0355724,0.7364558,0.4532443,1.002845,0.4991144999999999,0.6793886,1.6198450999999998,0.339015,0.038232,0.0332195,0.0202013,0.1468689,0.0854789,0.1237283,0.1229946999999999,0.1059842,0.057476,0.1309117,0.1130511,0.1920586,0.0965043999999999,0.0295443,0.0890472,0.1895965,0.0744048,0.0380711,0.0120739,0.0853327,0.0366837999999999,0.0824826999999999,0.0226438999999999,0.0706999,0.0276794,0.0539748999999999,0.0707404,0.0691627,0.1021033,0.0361882,0.3134141,0.0993497,0.0269651,0.0311106999999999,0.0762079,0.1072019999999999,0.1222222,0.4435854,0.0171155,0.0513171,0.0469977,0.0764296,0.4297408,0.0521957,0.2403653999999999,2.9216839,2.2349886,4.2886211,0.2563774,0.2211227,0.155738,0.1042173,0.2810466,0.235897,0.0,0.4596248,0.113545,0.031141,0.0581158,0.0759195,1.3641488,0.1722273,0.0423293,0.1225318,0.0616250999999999,0.0363592,0.0319859,0.0801199,0.0798446,0.0526698,0.112881,0.1722375,0.419991,0.1017937,0.4776298,0.7406652,0.3410218,0.3419064,0.3870434,0.3467246,0.3343275,0.5430302,1.1860884,0.9013839,1.8458582,0.0366681,0.1979929,0.0670383,0.1675333,0.0932256,0.0535806,0.0243917,3.4793343,0.0492038,0.0669436,0.0302630999999999,0.1160653999999999,0.2072539,0.2040951,0.0306843,0.0695924,0.1166754,0.0798637,0.101877
genus_Clostridium.XlVb,0.0845094,0.0213978999999999,0.0632041,0.0750638,0.1374529,0.1495426,0.1146838,0.1275827,0.0407664,0.0598239,0.6420251,0.1978183,0.088574,0.0625481,0.0542927,0.1203815,0.1979414,0.1005389,0.0560794,0.113144,0.0959003,0.0995619,0.2196889,0.0142125999999999,0.0147172,0.021374,0.0420915,0.0212158,0.0222098999999999,0.0203046,0.00624,0.0152633,0.0,0.00438,0.0730016,0.2786691,0.0921113,0.155915,0.1928021,0.0609137,0.0956938,0.1363609,0.1944438,0.7792621,1.4935989,0.1449042,0.2697572,0.4538696,0.6215275,0.016992,0.0609025,0.00673,0.0810311,0.0752214,0.0962332,0.1122995,0.0749644999999999,0.1231628,0.011001,0.0502448999999999,0.31712,0.1179498,0.0664746,0.1042504,0.1166748,0.0186012,0.0761420999999999,0.0664064,0.0992241,0.0880411,0.0979482,0.0588741,0.1716997999999999,0.1051815999999999,0.0848175999999999,0.0976890999999999,1.1942088,0.091893,0.0482509,0.4089308,0.0120424,0.0224709,0.0362957999999999,0.0,0.00975,0.0333333,0.00139,0.0456413,0.0769757,0.0939954,0.1228334,0.095498,0.0521957,0.2804262,1.0267899,0.6689226,0.4265143,0.2820150999999999,0.5210614,0.1411375,0.9726951,0.3742279,0.0203359,0.0465246,0.0143632999999999,0.0189242,0.0124564,0.00646,0.0112473,0.0338219,0.1281692,0.0544234,0.2008718,0.1584647,0.1454369,0.0719683,0.0749509,0.0107898,0.0472212,0.0167231,0.0376769,0.0118493,0.00702,0.1306019,0.2995806,0.1240079,0.2214778,0.0977002999999999,0.0832139,0.1274774,0.2445057,0.1564307999999999,0.2546661,0.3894002,0.0977816,0.0759425,0.0757284,0.0426736,0.0124301,0.0209663,0.0487835,0.162308,0.0313115,0.0748194,0.0453946,0.0918851,0.0914355,0.1514254,0.0502106,0.2783698,0.1052367,0.063891,0.0740924
genus_Clostridium.sensu.stricto,0.0845094,0.0993474,0.00372,0.5667317,0.0,0.0439831,0.0,0.3543963,0.0122299,0.0598239,0.3760433,0.1639066,0.3999248,0.3801001,0.1109458999999999,0.1203815,0.6730008,0.00804,0.0420595,0.0137980999999999,0.1534404,0.0637196,0.4512528,2.4758385,0.0,0.1251908,0.0140305,0.0244798,0.0,0.0406091,0.0436871999999999,0.1984228,0.0413411,0.0525831,0.0,0.2702246,0.0197381,0.0324823,0.0449871,0.2944162,0.0675486,0.0266792999999999,0.00972,2.8069338,0.00356,0.0,0.0899191,0.023476,0.2071758,0.8049956,0.0682846,0.0976398,0.0,0.2410504,0.068738,0.013369,0.0,0.0903194,3.8910463,0.0376837,0.1607932,0.0214454,0.0517025,0.0,0.0,1.140873,0.0126904,0.0925665,0.0119069,0.0110050999999999,1.8764821,0.0226438999999999,0.1413999,0.0,0.0,0.0101058,0.0,0.0,0.0120626999999999,0.00597,0.1911729,1.0965799,0.1399979,0.6553879,0.0974564,0.3444444,0.00417,0.0,0.0256586,0.0691142,0.0136482,0.1500681999999999,0.0313174,0.1121704999999999,0.0,0.0157394,0.0,0.00641,0.0831947,0.0,0.0,0.0,0.0122016,0.3442821,0.0229812,0.1655864,0.0,0.148518,0.0590485,0.0,0.0,0.0181411,0.00402,0.0,0.0,0.008,0.0335987,0.640915,0.1816201,0.6271165000000001,5.484687,0.0,0.0175506,0.0186574,0.00127,0.0031,0.0,0.0,0.0,0.0,0.0,0.0,0.0,0.0,0.3208458,0.0216979,0.5549279,0.018966,0.2796768,0.7501281000000001,0.4024636,0.00686,0.1789229,0.00591,0.00648,0.0677048,0.0060999999999999,0.0592534,0.00837,0.0260972,0.0343163,0.0,0.0401334
genus_Collinsella,1.829629,0.3224968,0.1449976,0.00375,0.0896431999999999,0.0557119,0.0127426,0.00354,0.00408,0.00427,0.1008897,0.0565195,0.1932523,0.5388761,0.4768312,0.157422,0.8825858000000001,0.0,0.0034999999999999,0.0248365,0.0031999999999999,0.0,0.1781260999999999,1.1881751,1.9743694,0.1435115,0.0327378,0.1729906,0.377568,1.1218274,1.6663546,5.2047825,0.0578775,0.0832566,0.091252,0.00844,0.0328969,0.0519717,0.0514139,0.0101523,0.3546299,0.1245035,0.1677078,0.466497,0.3876245,0.4508131,1.9482466,0.4460442999999999,0.1412562,0.1911599,0.0479838,0.2188479,0.1721911,3.6208842,0.2818256999999999,0.2647059,0.6126406,0.00274,0.0,0.0,0.0,0.0,0.0,0.1759224999999999,0.00972,0.0,0.0,0.3843522,0.2301998,0.6346295,1.3145685,0.00906,0.2726997,2.3582817,0.3392706,0.1381122,0.371173,0.428834,0.2050662999999999,0.0,0.00753,0.0808952,0.0674064,0.0457247,0.0682195,0.1888889,1.8216203,0.3708352,0.2223742999999999,0.0635851,0.0737,0.0,0.0,0.2964506,0.0,0.0157394,0.0,1.8330983,0.8691654,0.2644301,0.0416869,0.1878654,0.1382845,0.1860984,0.0861797,0.8444906999999999,0.6041355,1.5368389,0.9503993,0.0845547,0.4085392999999999,0.1511762,0.3113513,0.3697509,0.0969579,0.7876534,1.2043833,0.0,0.00545,0.0,0.0,0.6240619000000001,0.0,0.2313519,0.1606262,0.0806052,2.3836549,0.0150308,0.6842032,1.2579373,0.1336252,0.0192859999999999,0.0971752,0.1618287,0.0488908,0.0786547,0.1477325,0.1058937,0.2113114,0.1700601,0.0975669,0.0457206,0.1610306,0.3248735,0.3674802,0.0241803,0.1523926,2.1857923,0.3458952999999999,0.7437693000000001,0.0549061,0.1916729,0.101877
genus_Coprococcus,1.3606017,0.1283873999999999,0.1747407,0.2402042,0.7111695,0.8063570000000001,0.0764558,0.2161816999999999,0.6604158,0.7307068,0.0917178999999999,0.0791273,0.1637276,0.2983064,0.2502184,0.1389018,0.1536957,0.5147591,0.2102976,0.3504704999999999,1.0501079,0.266826,0.4512528,1.9386015,0.587556,0.2534350999999999,0.1449818,0.2137903,0.2054414,0.284264,0.8175747000000001,1.9384381,0.0454752,0.0832566,0.4258426,1.2751224,0.0526349999999999,0.2273761,0.0771208,0.0812183,0.1632423,0.0326081,0.3159711,0.4717981,1.1877667,0.9016261,3.0072934,2.058064,0.7345324,0.3122279,0.2380733,0.366991,0.2506899999999999,0.1487332,0.2405829,0.6951872,1.2123562,0.5035991,0.4114366,0.4773269999999999,0.969226,0.4503537999999999,0.0886328,0.5321113,0.2722411,0.1612103,0.4314720999999999,0.2354409,0.3949118,0.5539252,1.0516548,0.3894751,0.2019997999999999,0.1937555,0.1079497,0.3907566,0.5256363,0.275679,0.1568154,0.202973,0.276975,0.2741449999999999,0.1607384,0.0660468,0.3410974,0.3222221999999999,0.2141447,0.4507074,2.0184742,2.0596041,1.2610891000000002,0.0,0.1009117,0.0,0.0,0.00787,0.0,0.0,0.0,0.4412575999999999,0.7364691,0.00301,0.8378411,0.2326230999999999,0.0258539,0.2720348,0.1806178,0.3077982999999999,0.4611405,0.7328072,0.3885128,0.925198,1.3960589,2.0336297,0.4969095,1.4433649,0.5143182,0.4315926,0.2924083,0.4975124,0.7320093,0.1816889,0.6879848,0.1753797,0.2154431,0.1736111,0.4886354,0.2667969,0.2265267,0.3198961,0.1535269,0.3289333,0.2546661,0.6119146,0.1680621,3.2221318,2.6368388,2.9081254000000003,12.4487259,4.5869636,4.2868468,0.1600219,1.9457864,0.2500541,0.1642853,0.2659832,0.2925937,0.1909276,0.1171581,0.1957288,0.446112,0.2662123,0.4383798
genus_Dorea,0.3211358,0.9950021,0.3755066,0.3415403,0.1553816,0.6890687000000001,0.4162596,0.9037105,0.4402772,0.2478421,0.2934972,0.3221613,0.7139597999999999,0.6399153000000001,0.9536624,0.5000463,0.6520423,0.289552,0.1226736,0.5795182,0.610565,0.4619673,0.3265645,0.9494031,2.2449395,0.2229008,0.2665794,0.1778866,0.1665741,0.5279188,0.8113337,1.7603662999999998,0.0165364,0.1314579,0.9186032,0.3884479,0.5131916999999999,0.5132203,0.3984576,0.4263959,0.6135660000000001,0.1304322,0.0364582,0.3710772,0.4978663,0.2495572,0.8392447000000001,0.4695203,0.2071758,1.0619995,0.1863984,0.366991,0.2608188999999999,0.3282388,0.2680781,0.5561497000000001,0.6281504,0.4297014,2.3806119,0.6029393,1.174684,0.9543213,0.0295443,0.2888604,0.3062712999999999,0.2294146999999999,0.2791878,0.5513744,0.692584,0.3815114,1.0722755,0.5026946,0.0908998999999999,0.2491142999999999,0.0616856,0.2054841,0.7884544,0.30631,0.2895054,0.5104173,0.4907274,0.3820053,0.2799958999999999,0.0863689,0.1754215,0.2666667,0.3267792,0.2396165999999999,0.2052686,0.1962844,0.2593149,0.1159618,0.1531074,0.2403653999999999,0.00933,0.4249626,0.7434653,0.3909755,0.1839039999999999,0.3666331,0.2223302999999999,0.4794325,0.3050392,0.0837443,0.0373445,0.2389174999999999,0.2864972999999999,0.3034934,0.5454954,0.0789177,0.3805022999999999,0.1874584,0.4218307,0.6074478,0.0727184999999999,0.647715,0.1679934,2.9715149,0.4467853,0.6647435,0.2691211,0.0816284,0.5159886,0.4813612,0.7062453,0.421627,0.4941723999999999,0.6237787,0.4114465,1.0270348,0.3269553,0.3235761,0.46242,0.6726004,0.3697366,0.3390289999999999,0.2197366,0.2513,0.0435053,0.2679029,0.0792731,0.3543343,0.3488996,0.1634212,0.153477,0.1112293,0.1341055,0.1711765,0.1338949,0.2000783,0.2585162,0.1810244,0.2593233
genus_Eggerthella,0.0,0.0045899999999999,0.0,0.0,0.0,0.0,0.0,0.0,0.0,0.0,0.00917,0.00565,0.0134203,0.00481,0.00236,0.0,0.0,0.0,0.0,0.00276,0.0015999999999999,0.0,0.0178125999999999,0.173394,0.0849069,0.0,0.028061,0.00326,0.0,0.00508,0.0124821,0.0356143,0.0,0.00219,0.0,0.0,0.0,0.0259858,0.0192802,0.0,0.1069518999999999,0.0,0.0,0.0053,0.0,0.0161005,0.0,0.0,0.0,0.016992,0.0,0.0,0.0,0.0,0.0,0.0,0.0,0.00547,0.0374033,0.0125611999999999,0.00893,0.0214454,0.0,0.0,0.00486,0.0,0.0380711,0.1308005,0.0853327,0.0293469999999999,0.0,0.0,0.0,0.0,0.0,0.0,0.0253595999999999,0.0,0.0,0.1552145999999999,0.0015099999999999,0.0,0.0,0.0,0.0,0.0111111,0.015296,0.0,0.00855,0.0,0.0,0.0,0.0,0.0480731,1.0547932,0.7790981,0.6456409,0.3781566,0.0350293,0.00487,0.0138956,0.00301,0.0366047,0.0093,0.0,0.0,0.0,0.00215,0.0224947,0.0,0.0,0.0,0.0200872,0.0264107999999999,0.0121197,0.008,0.0646128,0.0366854,0.0108972,0.0,0.0269120999999999,0.0210654,0.00702,0.0,0.00382,0.0,0.1204286,0.00752,0.032361,0.00481,0.0170585,0.0225002999999999,0.0167543,0.0151714,0.1008372999999999,0.1790073,0.1216621,0.0553175999999999,0.0994406,0.0349439,0.0304896999999999,0.0228603,0.0715692,0.0,0.0,0.0,0.0,0.00658,0.0,0.00435,0.00229,0.0266211999999999,0.0
genus_Erysipelotrichaceae_incertae_sedis,0.0,0.0152842,0.0706398,0.0075099999999999,0.0,0.0,0.00425,0.00354,0.00408,0.00855,0.00917,0.0226078,0.0,0.0,0.00944,0.0277803999999999,0.0,0.0201078,0.0,0.0137980999999999,0.0031999999999999,0.00398,0.00594,0.0795907,0.1369832,0.0519083999999999,0.00468,0.0277438,0.0721821,0.0456853,0.1560257,0.3866701,0.00413,0.0153368,0.0182504,0.0760007,0.0131588,0.0065,0.0,0.0,0.0112581,0.0,1.4558977,1.5823791,1.1024182,0.2898084,0.9091817,0.4147429,0.2636783,0.0085,0.0018499999999999,0.0,0.0253222,0.0222245,0.0,0.00802,0.0103399,0.0246326,0.0374033,0.0628061999999999,0.0759301,0.0107227,0.0,0.00652,0.0194458,0.0062,0.0,0.2032439,0.2301998,0.2787968,0.0257758999999999,0.0317015,0.0101,0.0221435,0.0,0.0101058,0.016138,0.0102103,0.0,0.0477583,0.0,0.0,0.0,0.0,0.0,0.0,0.00417,1.3977636,0.8210742,1.3739909,1.5777262,0.7571623000000001,0.0,0.0160244,0.2987025,0.1259149,0.8099858999999999,0.6409435,0.0875732999999999,0.5483274,0.00695,0.0015,0.0569407,0.2047082999999999,0.0172359,0.00946,0.0124564,0.0107622,0.0,0.0281849,0.00801,0.0,1.558765,0.5986442,0.0,0.0119946999999999,0.0155071,0.0388433,0.0853614,0.0710732,0.1184133,0.0118493,0.0,0.3992686,0.4066647,0.5394345,0.4983251,0.3194048,0.1802968,0.4185107,0.2729366,0.0364291,0.0067,0.0252857,0.0213897,0.0678058,0.0571066999999999,0.00316,0.0372901999999999,0.011648,0.0,0.00914,0.00895,0.0118135999999999,0.00648,0.00967,0.0121914,0.0,0.0139474,0.0,0.6794627999999999,0.6495581,0.747098
genus_Faecalibacterium,22.4668301,2.5035536,5.3426033,2.4808587,5.8686428,3.591954,1.9071486,1.9810752,3.9217285,1.6964362,6.6954049,8.7548748,9.9498081,11.9899923,14.8620258,3.1299194000000004,11.1964976,1.8137215,2.0433914,1.2142286,3.4827779000000003,1.8956591,7.522859499999999,10.0938033,3.4947697,22.5435115,4.9013189,6.119951,5.0749584,12.9695431,4.3187917,8.2727041,1.9719707,1.6519872000000002,1.6364521,5.396048,5.7635371,13.0708764,2.403599,0.3857868,5.1899803,2.688682,1.132635,3.6259542,7.670697,5.0394461,7.183534799999999,0.5712497000000001,1.9022507,3.7849663,18.6656824,13.5382647,6.3406852,8.862447399999999,5.1003574,7.366310199999999,7.478350799999999,11.7141528,2.6358346,7.82565,7.4456206,6.1870041,5.6355713000000005,13.1594379,17.4331551,4.1108631,13.3375635,3.3847145000000003,11.011887,7.960381499999999,16.6254253,3.3648838,7.0598929,15.6997343,4.8037628,2.7723506,0.3227591,6.4274045,7.4788902,4.0684138,4.050758699999999,5.1053885,3.7643887,2.5707463,35.9126791,26.3888889,11.499847,5.3913738,3.3185084,5.255446200000001,12.7828579,0.2592086999999999,3.9181571,18.9167535,7.392887099999999,1.172582,0.2073877,1.1921549,6.4016113,0.575906,4.7384145,2.7443377,3.3025583,2.3262306,18.037402,8.818659199999999,1.2767813,5.6845821,13.9045102,2.5873732,12.0038451,8.4356292,18.5364482,13.9096751,4.8418374,9.3638799,2.8507185,2.1795425,0.6138758,0.543501,0.102266,5.2347473,10.8533118,1.3545282,3.4164935,2.3158482,9.3297528,1.8074553,3.5920669000000003,1.9554551,0.6851847,0.00321,0.0201052,0.0252857,7.0372181000000005,5.4868457,11.8421869,14.207140700000002,19.0677439,11.8017053,9.8359656,0.0228603,10.359635,9.2520034,2.7431314,3.3804043,4.3950015,3.2786885000000003,1.6067394,3.5448654000000004,7.7669237,9.9297199,9.820326
genus_Flavonifractor,0.0422547,0.1146316,0.0371789,0.0150128,0.0179286,0.014661,0.0085,0.0177198,0.0285365,0.00427,0.0366872,0.0113039,0.0429449,0.024057,0.0590138,0.0463006,0.041917,0.00804,0.00701,0.0193173,0.0287701,0.0159299,0.0534377999999999,0.1847641,0.0350949,0.1160305,0.0140305,0.0212158,0.0166574,0.0406091,0.0249641,0.1119308,0.0124022999999999,0.0065699999999999,0.0365008,0.0168889999999999,0.0,0.0194894,0.0,0.0507614,0.0337743,0.0355724,0.0413193,0.9170908,0.2738265,0.2334568,0.1998202,0.3130135,0.1035879,0.2421359,0.0424472,0.0538701999999999,0.1012889,0.2325025,0.034369,0.0294118,0.0232648,0.1012672,0.4290382,0.0376837,0.6163741,0.1393952,0.0147721,0.00217,0.0388916,0.031002,0.0,0.0120739,0.00595,0.0110050999999999,0.1701206,0.0135863,0.0605999,0.0498228999999999,0.0385535,0.0033699999999999,2.0656584,0.0357362,0.0241255,0.2865501,0.0165582999999999,0.0134825,0.0311106999999999,0.0508053,0.1461846,0.0666667,0.0486692,0.0228206,0.05987,0.0442331,0.0191074,0.1091404999999999,0.0208783,0.7291082,3.0617007000000003,0.5980955,0.2699953,0.6409435,0.1992294,0.4282794,0.0555826,0.078152,0.0325375,0.0,0.0660711,0.0,0.0249128,0.0,0.00281,0.00564,0.0,0.0,0.0241046,0.0176072,0.0424191,0.0399824,0.0335987,0.056107,0.0217944,0.0418078,0.0215297,0.0803118,0.0210607999999999,0.0485093,0.0382443,0.046503,0.4914039,0.0112731,0.032361,0.0601308,0.0597049,0.0514293,0.050263,0.0809143,0.0458351,0.0271223,0.0931087,0.0284490999999999,0.0559353999999999,0.0279551,0.0243917,0.0571507,0.0223654,0.0255961,0.1015975,0.0531966,0.060957,0.1250905,0.0976317,0.1522335,0.0640571,0.0319455,0.0370462
genus_Lachnospiracea_incertae_sedis,7.3354179,3.8409219,1.6767668999999998,3.7907221,8.725273399999999,3.7796153,1.6650384,4.199596,2.2951488,3.6492607,5.7965698,5.6349969,8.1944333,11.0613934,10.1574487,8.6119085,12.7497555,4.0617711,2.1800848,5.8558931,4.7710381,5.5316607,4.9756561,7.347925,8.9729656,10.5770992,3.4094098,4.6315789,8.5785675,6.8426396,9.5924608,19.4759603,0.8557609,2.7255598,5.2196131,5.2440466,4.7963682,5.320600300000001,5.9061697,2.2233503000000003,5.0042218,1.6244738,3.2399193,11.206531,9.1358464,4.966994000000001,21.031072,3.5761797,2.5237781,3.2242306,10.1928578,5.4812969,4.8973184000000005,3.4926659,2.9969755,6.157754,4.9993538,14.6290062,11.7831487,13.6666248,16.5081067,5.8867682,3.2868011000000004,5.3471755000000005,4.171123000000001,7.118055600000001,14.923857900000002,6.0168230000000005,14.1652279,7.1239912,10.0422724,10.7694398,6.2619937,6.0064216,1.9276737,11.0658223,4.1820361,7.5607515,7.225573000000001,3.949018,6.915341999999999,8.9838659,5.2473297,0.7366763000000001,4.7948543,4.8555556,10.7253108,6.1558649,5.4139583,9.9220391,7.752149599999999,7.285129599999999,10.279073,4.655075699999999,2.9310184,3.0455654,2.8916888000000003,3.0252532,5.1055259,2.1040849,8.0386299,6.300254,3.745882,1.8423746,3.8091408,7.5247197,3.2199801,8.2093889,5.9863907,1.7531003,5.0026034,5.6177058,5.417512,5.4758341,3.7510605,7.2128264,1.9745684,6.5602072,3.2255721,3.7041682,1.7815814,7.450562199999999,5.7179964,3.1754916,4.4439912,4.8270089,3.8066499,4.1560198,4.932735399999999,8.827208,4.048559999999999,1.7046671999999998,2.0339778,2.5842015,7.465012499999999,9.240575,6.5771995,7.551642899999999,7.0229956,8.498346,6.0491493,1.4630578,11.6478798,6.873535599999999,8.324506600000001,7.5974466,8.9606827,3.0087563,4.778376,9.5994085,4.7928439,4.9302524,5.0351939
genus_Odoribacter,0.2324009,1.0484968,0.1858943,0.4391232999999999,0.4422398999999999,1.2461881,1.5248694,1.7719814,0.9253975,0.9999145,0.3576997,0.480416,0.7112757,0.8371824,0.3304771,0.5000463,0.0489032,0.6595351,0.7991308,3.038331,0.5210581,0.426125,0.4037525,0.352473,0.2128334,0.3877863,2.7873913,0.2366381,0.1221544,0.3096447,0.1997128999999999,0.00509,0.0248047,0.1007844,0.0790849999999999,0.0760007,0.0394763,0.1364256,0.0449871,0.0812183,0.2082746999999999,0.2282564,0.2114576,0.0874682,0.0782361,0.0483014,0.039964,0.1017294,0.2730954,0.1168199,0.1771708,0.1717114,1.2762402000000002,1.0787431,0.8660984,0.7058824,0.9978028,0.0492651,0.0198018,0.1381736,0.0401983,0.0107227,0.1107909999999999,0.4930174,0.5347594,0.5456349,0.3045684999999999,0.3038596,0.2063861,0.3044754,0.0206207,0.3487161,0.1211999,0.1550044,0.0308428,0.0976890999999999,0.4933604,0.2399427999999999,0.2412544999999999,0.0,0.7406069000000001,0.4629005,0.7051746999999999,0.1016105,0.0584738,0.2333333,0.2030203,0.6960292,0.3506671,0.32069,0.4067149,0.1432469,0.1043914,0.3445237,0.205358,0.3069174,0.1408671,0.6217152,0.8166213999999999,0.7267772,0.3265476,0.3050934,0.6019441000000001,0.0558295,0.1838498999999999,0.4116005,0.2864972999999999,0.0947071999999999,0.0,0.5749718,0.2923859,0.2963053,0.4278569,0.5898407,0.5938673999999999,0.4597977,0.3308177,0.0517911,1.2368325,0.3720891,0.575919,0.00132,0.0702025,0.0,0.00127,0.0,0.0332217,0.0,0.0,0.0,0.0,0.0,0.0,0.0,0.3666809,0.1654462,0.3289841,0.1691138,0.0559353999999999,0.2073335999999999,0.2317214,0.0,0.1655037,0.9549312,0.9078922,0.5899989999999999,1.1642792000000002,2.0146158,3.1576892,0.6393806,0.4209466999999999,0.1810244,0.6050877
genus_Oscillibacter,5.3071918,2.3797515,1.3644644,0.2702297,3.1315365,0.3460005,0.403517,0.1665663,0.2201386,0.2649345999999999,1.3849399,3.5663822,2.5874332,0.8852964,2.3770743,1.2501158,0.5705370000000001,0.3740046999999999,0.3960604,1.324613,0.4795012999999999,0.2031063,6.6381665000000005,3.2404775,0.5943486,8.2870229,0.5752501999999999,3.1121991,0.4830649999999999,1.071066,4.7244586,1.4245739,0.7730787,0.1796591,0.4258426,0.5573383000000001,0.138167,0.3508088,0.2699229,0.9238579,1.2834225,3.0918361,0.0243055,1.0893766,0.0533427999999999,0.0885526,0.1099011,0.0313014,0.1224220999999999,0.7816316999999999,0.8950817,2.5487357,1.0255501,1.8001846,9.6164421,1.7245989,2.207574,0.3530667999999999,0.011001,1.3942972,1.1478851,1.0615484,0.3545314,4.0310145,0.8410306,0.4092262,0.2030457,2.2819656,1.4308111,0.7226706,2.2579647,0.9238712,5.3327947,1.954163,1.1488935,1.1520582,1.3578938,0.367572,1.1097708,18.6675422,0.2890173,0.9617545,1.0888728,9.9171874,1.3546437999999998,1.4777778,0.3295603,3.1948882,2.7711256,1.238527,1.4548929,4.3656207,0.2957756,6.4658281,7.9436199,10.4194538,2.4534356,3.4739135999999995,1.9682109,2.2225106,6.537900400000001,0.8596720999999999,1.2079554,3.6661394,1.5857057,1.5021053,2.1985551,2.0232894000000003,1.6392982,0.6144307,2.5834101,4.6925077,1.295623,1.9279866,4.6055024,1.6312822,3.7372067,1.4285714,4.4097348,0.8528785000000001,1.394047,4.016905,4.2297027,0.115676,0.2141681999999999,0.1674107,0.8928324,0.0939426,0.5408904,0.9139888,1.5352685,0.1275018,0.1172803999999999,0.1517144,1.9770213,1.0523461,1.2240692,1.1869577,2.7035426,1.2253646,1.9696323,0.2011704,1.3240293,2.4651007,2.6523421,2.4567173,1.1764706,5.1682138,1.8522135,2.2400070000000003,3.4773856,4.8876584,2.8741665
genus_Parabacteroides,0.5873405,4.482858800000001,15.3102576,2.743582,1.4044104,4.0083275,3.7081086,4.4264096,4.9857318,3.2646782,1.5500321,2.4529475,4.3267037,1.9293687,3.0569129,1.6483008,0.7009455,6.51492,3.8799902,13.9663879,3.885559,1.8558343,2.6184539,0.4007959,1.3041706,0.3175573,0.8605368999999999,0.0799674,0.094392,0.7208122,0.3494975999999999,0.0661409,0.0537434,0.0547741,1.4721986,6.358723199999999,0.9934864,1.6760865,1.529563,0.822335,2.3810864,3.4653465000000003,2.5472134,1.7785199,5.6507824,1.1109322,0.4795683999999999,5.4151342,6.139937799999999,4.568722,0.693919,1.3299216,1.3800613,2.5079495,3.4300247,1.1497326,2.1920641,1.4971125,0.2882257,1.6203994,0.7459020000000001,2.0587605,0.5834995,4.1721869,2.4647545,2.4119544,1.6243655,1.9982292,0.6985374,0.9427733,1.9074131,8.8582945,2.4643975,2.7845438,1.087208,3.2035303,0.5579122,1.7459669,4.1013269,2.6267089,1.8214114,1.2538762,0.4874001999999999,0.6706295,0.5262645,1.1555556,1.130517,0.2510269,0.29935,0.3621586,1.6486965999999998,0.0,0.3897279,3.9339796,10.8186316,9.2075234,6.9259665,4.5442892,3.2796217000000003,1.6384932,0.5141388,2.1732269,2.2410217,0.362892,2.6141162,0.7758906,0.9715994,0.385286,0.6748396999999999,1.9954904,3.2683142,4.1664147,5.6846715,2.9844176,1.7997818,2.7747791,6.7223199,0.5006474000000001,2.7642572,2.265981,0.9957479,1.9182663,0.1368948999999999,2.5709915,3.1959512,2.2197421,0.0470639999999999,2.1869833,1.4747353,3.4779681,5.4104,4.5879227,8.4609456,7.666633000000001,1.1886573,0.981828,1.7603754,1.3940036,1.8645121,1.3465033,4.0246356,2.2265911,2.4020397,19.3565536,12.0555111,12.3948157,10.307833,0.7505432000000001,10.4772797,1.3961985,1.8302029,2.7739325,1.3954063
genus_Parasutterella,0.0211274,0.2093937,0.0185894,0.0600509999999999,0.1255005,0.0762374,0.00425,0.0283517,0.0244598,0.0726434,0.174264,0.0226078,0.3328234,0.0481139,0.0613743,0.2037226,0.0395883,0.0160862,0.0105149,0.0827883,0.0511467999999999,0.0238949,0.3918774,0.6736782,0.8185029,0.6717557,4.9948555,0.8665851,0.2054414,1.8477157,0.224677,0.1678962,0.2645831,1.1305377,0.0,0.00844,0.0,0.0,0.0,0.0,0.0112581,0.0118575,25.2072041,4.418469,2.8093883,4.8542908,1.0090918,21.2457939,1.7515774000000002,3.9421423,0.5204392,1.3366553,2.7499937,2.0771361,1.6153423,1.4144385000000002,0.9021585,0.0,0.0011,0.0,0.0,0.0,0.0,0.2280477,0.0,0.0062,0.0,0.0060399999999999,0.0,0.0293469999999999,0.0,0.0543453999999999,0.0303,0.0996457,0.0231321,0.0538975,0.251291,0.061262,0.0361882,1.3312638,1.9884995,1.9010382,1.4414601,5.3142306,4.8728194,1.4555556,1.7340156,0.9698768,0.5644885,0.6690258,1.5477003,0.5934516,0.1357088,0.088134,0.9801176,0.0629574,0.0313038,0.1986925,0.2736667,0.5483274,5.5026749,0.3096022,1.8546386,0.0,0.00575,0.0,0.0,0.0,0.00281,0.0507328,0.3084071,0.393058,0.2089067,0.2112862,1.0786571,0.3598417,0.4109377,0.00647,0.6284054,0.0668924,0.0484418,1.0335203,0.8564709,3.7501399,3.3106842,1.6524058,0.0096899999999999,0.0,0.00462,0.0,0.0,0.0,0.0,6.5995752,0.8464218000000001,0.8624898000000001,1.3420069,0.53421,0.3853324999999999,0.5078507,0.4451491,0.0,0.3220612,1.0927563,0.2421046,0.2079505,0.451082,0.1777602,0.2175793,0.0,1.3863787,0.7986369999999999,1.373796
genus_Phascolarctobacterium,1.5549734000000002,0.3759916,0.2676878,0.0638042,1.2430527,0.1642036,0.0807034,0.0850551,0.0611496,0.0726434,1.0455838,1.0116995,0.947473,0.6254811,0.4319807,1.0741735,1.2179218,0.0603233,0.087624,0.7092199,0.1758171999999999,0.0995619,1.1459447,3.3229107,9.2254223,2.5770992,2.7873913,1.4377805,3.2759578,2.7614213,5.3423204,11.015008900000002,0.7772127999999999,0.6353797,0.3224237,0.9795643,0.190802,0.1624115,0.2763496,0.5380711,1.227132,1.2628209,0.0,0.0,0.0,0.0,0.0,0.0,0.0,1.0641235,0.9116914,0.5622706,0.0,0.00171,0.0549904,0.026738,0.2119685,0.9415113,0.9493845,0.5150107,0.3126535,0.2251768999999999,0.0221582,0.5451425999999999,0.0534759,0.0744048,0.5964467,0.0160984999999999,0.00992,0.0036699999999999,0.4742757,0.1041618999999999,1.6159983999999998,0.2380425,0.4317989,0.7040356,0.5002767,0.7453543,0.4101327,0.0,0.3763247,0.3056042,1.1251685,1.0364274,0.6919404,0.4444443999999999,0.0,0.0228206,0.0,0.00553,0.00819,0.0,0.0,1.2258633,0.3360403,0.3147871,1.0878072,1.0383284,2.4783256,0.0,0.0,0.00301,0.0,0.6606495,0.0,0.00473,0.0062299999999999,0.0,0.0,0.0,0.2843754,0.4958578,0.9641846,1.7167004,0.0,0.0,0.0,2.2356495,3.5415910000000004,0.4640662,0.1722375,0.0,0.9372038,2.977723,2.3010339,0.5425346999999999,1.1239999,0.6989328,1.1002728,2.2849721,8.119864699999999,1.0907299,0.8477699999999999,4.2075453,0.0,0.0,0.0,0.00158,0.0,0.0,0.0,2.9284016,0.0,0.3406249,0.6441711,0.2853274,0.1828711,1.2838238,0.4714218,1.8963942,0.2676672,0.0692152,0.0710051999999999
genus_Prevotella,0.00845,0.0672505,0.0,0.0,0.0,0.00293,0.00425,0.0,0.0285365,0.0,0.0,0.00565,0.00268,0.0433025,0.0,0.0,0.0209585,0.00402,0.0700992,0.0193173,0.0048,0.00398,0.0237501,2.9135873,31.4450029,29.8259542,38.0273127,56.871481,70.671849,39.0304569,13.9923859,2.8694989,90.1484146,82.7899741,0.0669181,0.0168889999999999,0.0328969,0.0194894,0.0,0.0304569,0.0225162,0.0,0.00243,0.0106021999999999,0.00356,0.00805,0.00999,0.0,0.0,0.0,0.0,0.0,0.0,0.00171,0.0,0.0,0.0,0.00547,0.0,0.0,0.0,0.0214454,0.0,0.0152032,0.0388916,0.0062,0.0,0.484968,0.5199341,1.1151871,0.3711723,3.2063765,8.1708918,1.389504,2.1204411,1.0375261,0.0207488,0.5921993000000001,2.2677925,0.00298,0.0,0.0,0.0,0.0,0.0,0.0,0.0,0.0,0.0,0.0082899999999999,0.0,0.0,0.1948639,0.0,0.0,0.00787,0.00783,0.0,0.0,0.00324,0.0277913,46.703338,0.0162688,0.0,0.0,0.00473,0.0,0.0,0.00281,0.011274,0.0160211,0.0,0.0180785,0.3257329,0.0,0.0,0.0,0.0129478,0.0254268,0.0,0.0,37.239645,0.0,49.5503564,29.0274467,60.484871,0.0,0.0,0.0,0.0144313999999999,14.7897535,0.0,0.0,0.0,0.0,0.00814,0.0,0.00316,0.0,0.0,0.0,0.1874543,0.0,0.00197,0.00216,0.00484,0.0060999999999999,0.0,0.00837,0.00435,0.00229,0.0106485,0.0
genus_Roseburia,0.367616,0.6235957999999999,0.3383277,0.6042636,0.9980278,3.2430213,0.3780317,1.6443988,2.4826743,1.9015469,1.770155,2.1025264,3.1296132,2.8916474,1.5532422,2.1205667,3.1740487,1.0415829,0.5327537999999999,0.4304991999999999,0.600975,0.5814417,0.2196889,0.8072769000000001,0.1177376,1.4229008,1.2300065,1.2321501,0.1277067999999999,0.2791878,0.3994257999999999,3.66319,0.2356443,0.4053284,1.22886,2.1364634,1.0855977,1.1563698,3.0912596,1.4720812,2.4655221000000003,1.3754669000000002,0.4010403,1.7997243,3.655761,3.4454999,16.5251274,0.0939041,1.9022507,0.4566598,1.0224232,2.4982324,0.967309,0.6393818,0.7492439,0.3315508,1.7655422,0.4269644,0.9944885,0.4647657,1.3935415,1.3832297,2.3783145,0.2562822,0.5396208,1.6307044,0.4314720999999999,0.3481306,1.8852573,1.6617755,0.6392412000000001,0.1268059,0.2928997,0.5425155,0.4780630999999999,0.2155898,0.1106603,0.398203,0.5066345,2.9013193,1.3863801,3.0605366,2.6599606,0.7265153,6.5977975,11.1777778,0.3657146,1.6830215,1.8132056,6.6709057000000005,2.014467,6.9304229,1.4127636,0.1762679,0.0,0.8735343,0.0234779,0.1217793,0.2780454,0.827358,2.4039464,0.8656838,0.9069834,0.8560529000000001,1.8384993,2.1266026,1.6878425999999995,0.8738888,0.7395119,9.5941375,0.0160211,0.0846586,1.0364984000000002,1.1796813,1.1937947,4.5380033,0.9019952,2.7017695,0.027243,0.1421464,0.0430594,0.6898912,0.7055355,1.0448151,0.7253675,0.8370536,1.2845713,1.2701037,0.8876149999999999,0.8947470000000001,0.7761635,1.0532293,1.2230674,2.3970871,0.54391,0.4827772999999999,0.7349381,0.8408275999999999,0.6525792,3.037786,0.4756388,1.2047366,0.9661836,0.3071531,0.7609001,0.3095077,0.6278574,0.0,0.0306843,0.0565439,0.6542975000000001,0.5271004,0.3951593
genus_Ruminococcus,0.0,0.0,0.0,0.0,0.0,0.0,0.0,0.0,0.0,0.0,0.8346327,0.5425875,0.450922,0.6206697,3.4629276,1.2038152,2.1191374,0.0,0.0,0.0,0.0,0.0,0.0,0.645253,0.0,0.1587786,0.2993172,0.2872297,0.0,0.5279188,0.9111902,0.1628084,0.0661457999999999,0.0328645,0.4380094999999999,2.8880257,0.00658,0.0,0.0,0.142132,0.7655502,0.6136242000000001,0.00486,0.023855,0.0177809,0.0,0.5195324,0.0,0.0,0.9239396,0.5222848,0.5791051,1.5978324,0.9505248,0.577399,1.1122995,1.8973762,0.5035991,0.0,1.1933174,1.9339854,0.6755308,0.2954428,0.1324849,1.1327175,0.5828373,0.8502538000000001,1.0604901999999998,0.00397,0.5685987,0.00516,1.3042888,0.3130997,0.1550044,0.0231321,0.0067399999999999,1.0651051,0.0102103,0.2774427,2.2118083,0.4064306,1.6583523999999998,1.8407135,0.0355637,0.1851671,0.0,0.3003588,0.2053857,0.1539514,0.2432821,0.1528593,0.2455661999999999,0.3549308,0.0640974,0.0,1.125364,3.9403663,2.0382002,1.5369122000000002,0.1086921,0.0,0.6913446999999999,1.862773,0.2605378,1.0427738,0.6339594,1.1397608,0.5962246,1.4734001,0.276212,0.1441903,1.7294552,0.00201,0.0088,0.2484547,1.9911239,1.3155174,2.7470868,1.7381039,2.6840587,2.7181226,0.3949759,0.4633367,0.0,1.5947886000000002,0.8029514,1.1849063,0.9845183,0.2034118,3.8291322,0.5714610999999999,0.00107,0.0,0.0,3.5506936,2.313534,2.1576393,0.5879471,0.0,0.9341658,0.0,0.00229,1.8965826,0.253992,1.3272519,2.766225,1.4385858,0.4213576,0.3012636,1.1439259,0.473565,0.3993184999999999,1.951099
genus_Streptococcus,0.0042299999999999,0.00917,0.066922,0.0,0.0,0.0,0.0,0.0,0.00815,0.00427,0.0,0.0452156,0.0,0.00962,0.0306872,0.00926,0.0256159,0.0,0.0,0.0,0.0015999999999999,0.00398,0.0,0.531552,1.3098311,0.0152672,0.0093499999999999,0.1011832,0.0333148,0.1319797,0.3994257999999999,0.5647418000000001,0.00827,0.0241006,0.00608,0.7684513,0.0526349999999999,0.0194894,0.0321337,0.0203046,0.0337743,0.0059299999999999,1.2784678,1.2510602,0.0960171,0.0322009,0.1198920999999999,0.0313014,0.0,0.3610798,0.0221464,0.0134676,0.1342078,0.0547065,0.00687,0.0106952,0.0180949,0.057476,0.7920705,0.0628061999999999,0.0893296,0.0643363,0.0073899999999999,0.0456095,0.4861449,0.0124008,0.0253807,0.0181108,0.0119069,0.0,0.00516,0.00453,0.0908998999999999,0.0276794,0.00771,0.0303173,0.0322758999999999,0.030631,0.0,0.0716374999999999,0.00452,0.00449,0.0362957999999999,0.0,0.00975,0.0,0.00556,0.0114103,0.0256586,0.0138228,0.0,0.0204637999999999,0.00348,0.0160244,0.1586856999999999,0.1573936,0.1721709,0.0512755,0.03284,0.00162,0.0625304,0.00451,0.0488063,0.0558295,0.0718164,0.0496759,0.1619332,0.0322864999999999,0.0449892999999999,1.1104848,0.00801,0.0483764,0.00803,0.0176072,0.0181796,0.1959138,0.0723664,2.5312905,0.1380312,0.0334462,0.0753539,0.05398,0.0596722,0.4328519999999999,0.00637,0.0031,0.0844384,0.0,0.0,0.00481,0.00853,0.00643,0.0067,0.0050599999999999,0.1680621,0.1003526,0.3252598,0.2212703999999999,0.1056557,0.1234683,0.1402525,0.00686,0.0447307,0.5394869,0.4258447,0.0435245,0.0060999999999999,0.0329186,0.0139474,0.0521943,0.00229,0.0,0.0
genus_Veillonella,0.00845,0.00153,0.0148715,0.0,0.0,0.00586,0.0,0.0,0.0,0.0,0.00917,0.0,0.00805,0.00481,0.00236,0.0277803999999999,0.1071212,0.0,0.0,0.0,0.0,0.0,0.00594,0.0198977,0.4301952,0.0,0.0374146,0.0277438,0.0222098999999999,0.1218274,0.0499282,0.0559654,0.0206706,0.0175277,0.00608,0.00844,0.00658,0.0065,0.0321337,0.0101523,0.00563,0.0,1.3319398,2.2900763,0.4338549,0.00805,0.049955,0.0313014,0.0,0.00425,0.0092299999999999,0.0,0.0253222,0.00513,0.00687,0.0,0.0,0.0328434,0.1177105,0.0,0.00893,0.0,0.0,0.00217,0.0,0.031002,0.0126904,0.0,0.00595,0.0036699999999999,0.0103103,0.0,0.0,0.0110717,0.0,0.0,0.0,0.0,0.0,0.0,0.00452,0.0,0.0,0.0457247,0.0,0.0,0.00556,0.0228206,0.00855,0.0,0.00546,0.0,0.0173986,0.0160244,0.0,0.0,0.0,0.00641,0.0153253,0.0,0.0,0.0,0.0,0.0,0.0,0.00473,0.0062299999999999,0.0129146,0.00844,1.1499436,0.0,0.00605,0.0,0.0,0.0363592,0.015993,0.00258,0.0323694,0.0,0.0,0.0,0.00527,0.0,0.0485093,0.0127481,0.0031,0.00277,0.0,0.0,0.0,0.0,0.00321,0.0,0.0,0.0916702,0.0461079,0.0434507,0.0774446,0.0,0.0372734,0.0,0.00229,0.0178923,0.0315029,0.00865,0.00484,0.0,0.0,0.0,0.0,0.0754959,0.0266211999999999,0.00926
genus_unclassified_Bacteria,12.4651399,13.01909,3.6807079,4.6652154,4.2610411,3.8851748,1.7584845000000002,1.8038771,3.0207909,2.6963507,2.247088,11.4734641,2.9980943,3.3920323000000003,10.1645304,1.8335031,2.7059755,4.1502453,2.3202832,8.027706499999999,7.9405418,4.2134608,5.4447215,3.9113132,1.8543676,1.3312977,0.5471892,1.0281518,0.6718489999999999,1.5837563,9.40523,3.9633681,0.1819008999999999,0.1489856,0.5961796,1.6129032,0.6447793,1.0134477,1.2532134,0.6192892999999999,2.9665072,1.7371198,0.0388888,0.0397583,0.0142248,0.2173563,3.1471675,0.0313014,0.0753367,1.5377752999999998,2.0633017,3.6968452,5.1935884,5.6398947,5.6296398,3.684492000000001,4.0765154,18.7289597,1.3465198,2.662982,5.3151101,3.3454857,1.7431124999999998,12.7142019,2.459893,0.812252,6.4847716,12.5568479,2.4409121,3.7380778,5.5572739,9.5466691,6.8376932,10.1306466,6.2302413,7.2155225,0.1844338,4.4159690000000005,2.6658625,7.417467599999999,1.8846339,2.7504382,1.6644198,2.9213026,2.1148036,4.044444400000001,1.7159385,12.3345504,12.3588779,4.1827933,3.7095674,6.493860799999999,0.8316515,0.2323532,0.0653412,0.1652632,2.4847394,4.7558005,2.2002802,0.2984978,1.2922949,2.2964666,1.2852320000000002,5.0060482,4.6939186,3.0633486000000003,3.3881415,3.9970727,7.9996626,6.8151071,8.4791925,14.7426982,4.3830223,6.1008892,2.6966428,2.4709128,4.8976533,1.5817868,1.4057392,1.760107,2.5243555,0.7070069,1.5725368,1.1903429,1.7630636000000002,1.5252976,5.9314526,2.3072298,2.4779252,1.7558207,2.214767,0.0,0.00335,0.6169718000000001,10.8690338,2.1914836,4.0843689,3.9338718,5.5065258,4.803615499999999,6.854076500000001,0.00914,3.7305421,8.8247455,9.6085255,17.8015282,12.1121609,15.7482389,31.3174705,31.8124483,3.5803345,6.3997444,5.834774
genus_unclassified_Clostridiales,1.8254035,2.2987452,2.4091906,4.0421859,1.2430527,0.7389163,0.5097056,0.283517,8.2796576,2.8715494,0.4952764999999999,1.2547335,0.8723193,0.6495381,1.0410028,0.7222891,1.2458665,7.9305075,3.8309208,6.385738300000001,0.9685927,0.4739148,2.1375134,1.0915293,0.2252863999999999,0.3145038,0.303994,0.2137903,0.1332593,0.3350254,2.2280472,1.1549224,0.0868163,0.2190964,1.831123,8.1405168,0.4013422,0.8705256,0.1992288,1.0558376,4.7565438,1.5622221,0.0291666,0.2544529,0.0142248,0.0,0.0899191,0.00783,0.0188342,2.4808309,1.7846267,7.383589799999999,2.514497,5.5544158,12.1734946,2.6122995,2.2411788,1.0810959,1.449929,2.0349202,3.8099067,1.6834656,0.4579363,2.2131486,0.4375304,0.7688492,0.5076142,6.2643377000000005,3.5303923,1.8488628,0.7732756000000001,1.5714868,0.6564993,0.7750220999999999,0.3084278,0.4379168999999999,0.2766507,0.428834,0.2774427,14.2618351,0.967907,5.8963642,1.8044177,4.414977400000001,2.1830231,1.2111111,0.2322218,34.088315800000004,34.587752300000005,6.9860666,7.4054866,18.8744884,0.1322291,0.7531448,0.2426958,0.24396,0.3404289,0.8716830999999999,0.6589894,0.2060284,0.5627736,0.0751462,0.471794,7.816134700000001,0.3734452,0.8634149000000001,4.5964126,0.8179255,0.6635924,0.1240135,1.1615332,2.6183709,1.2755358,1.0476274,7.502121000000001,4.1421774000000005,9.888349,2.5981873,2.0250636,2.0527614,1.8784649,0.1198094,0.2632595,0.1940371,0.1912217,0.3069196,0.8042413,0.1240042,0.1987888,0.1611507,0.1108805,0.0042899999999999,0.0636665,0.3843431,5.818004,2.465419,2.4754503,1.5488929,2.9086389,0.785072,2.5062504,0.00457,0.7201646,10.9039359,13.1709215,6.049908100000001,4.3767144,31.1409573,4.8285866,7.2158671,8.428084499999999,32.0785859,8.6286737
genus_unclassified_Coriobacteriaceae,0.0422547,0.1849389,0.1152545,0.018766,0.0239049,0.0410509,0.0297328,0.0354396,0.0774562,0.029912,0.0,0.0452156,0.0429449,0.0288684,0.1085853,0.0555607,0.0628755,0.0281509,0.0105149,0.0662306,0.0687285,0.0438072,0.0653129,0.5514497,1.8804057,0.0458014999999999,0.0093499999999999,0.0163199,0.0111049,0.0761420999999999,0.0624103,0.1271941,0.00413,0.0175277,0.0304172999999999,0.0,0.00658,0.0259858,0.0,0.0101523,0.0394033,0.00889,0.5468731,0.4983035999999999,0.1493599,0.3059089,0.6194425,0.0547774,0.0376683,0.1380598999999999,0.0276828999999999,0.0774385,0.27348,0.4803911999999999,0.034369,0.0588235,0.0180949,0.112215,0.8272735999999999,0.0,0.111662,0.075059,0.0,0.0521252,0.00972,0.0062,0.0,0.4064876999999999,0.2063861,0.0660308,0.422724,0.0226438999999999,0.1009998999999999,0.1273251,0.0462642,0.0269487,0.0922169,0.0459465,0.0,0.749209,0.0165582999999999,0.0404476,0.0207404,0.1778184,0.0389826,0.0444444,0.0,0.1426289,0.1539514,0.058056,0.0163778,0.0272851,0.00348,0.5047672,0.1213479,0.1101755,0.4304273,0.3589283,0.1116559999999999,0.0616463,0.0347391,0.0315613999999999,0.0691422,0.8746627,0.0976703,0.172683,0.1183358,0.4068103,0.1968282999999999,0.0,0.0881163,0.0907057,0.0301308,0.0704287,0.00606,0.0799648,0.1240566999999999,0.2611135,0.0472212,0.00836,0.0645891,0.0118493,0.0245709,0.0186574,0.00637,0.0093,0.4775615,0.0150308,0.0647219,0.031268,0.00853,0.00643,0.0067,0.0101143,0.1283383,0.116626,0.2073221,0.0648006,0.1180857999999999,0.0442622,0.1341545,0.0205743,0.0492038,0.1240426,0.1556387,0.0725409,0.2133496,0.2172625,0.0836843,0.4045061,0.0343163,0.0479182,0.0555693
genus_unclassified_Erysipelotrichaceae,0.2197245,1.7408715,0.4535822,0.3040084,0.1494054,0.8327469000000001,0.3482989,0.7300563,0.5707297,0.2392958,0.0183436,0.00565,0.0,0.00481,0.00708,0.0,0.0116435999999999,0.3941124,0.2488521,1.2169882,0.5130664,0.3544405,0.0653129,0.0,0.00453,0.0,0.0,0.0,0.0,0.0,0.0,0.0,0.0,0.0,0.6874316,0.9964533,0.4079216,0.5781849,0.970437,0.0304569,0.8162117,0.4861564,1.8253409000000005,5.2480916,4.3812233,1.207535,4.3460885,0.6182017,0.8192862000000001,0.1550519,0.2325367,0.0976398,0.0151933,0.1726673,0.0206214,0.0909091,0.1602688,0.169691,1.7183529,0.3768371,0.5985082,1.0293802,0.0147721,0.8839563,0.1944579,0.0496032,0.0888325,1.2395863,1.7860332,0.8033749,0.0,0.0135863,0.0,0.0,0.00771,0.0101058,0.4979712,0.0,0.0,0.0268641,0.00602,0.0764011,0.0155553,0.0,0.0292369,0.0111111,0.015296,0.1312186,0.1967157,0.1188765,0.1801556,0.2114598,0.0173986,0.2003045,0.0933445,0.2675691,0.0391298,0.0705037999999999,0.0240827,0.2092729,0.0277913,0.2028945999999999,0.0772766,0.2884526,0.3217374,0.1064484,0.1058794,0.0365914,0.0309302,0.0281849,1.2897024,0.7014573,1.0063676,0.3609473,0.1696764,0.8156411,0.9950377,1.512732,1.5183436,0.6731051,1.5393724,0.092161,0.5581100999999999,0.8022687000000001,0.9420853,1.6493056,1.1973644,1.6308432000000002,0.5640054,0.5604195000000001,0.4378358,0.00857,0.00335,0.0151714,0.9869828,1.5378356,0.7858375000000001,0.4994389,1.5661902,0.3261427,0.9390817,0.00686,0.7693684000000001,1.837012,1.5520633,1.7941774,1.9201463,1.6985977,0.4184216999999999,1.400548,0.0960857,0.00532,0.0648308
genus_unclassified_Firmicutes,0.8408688,1.0561389,17.1134327,0.848221,2.4861053,0.2081866999999999,0.5734189,0.2728851,0.4525071,0.4187676,0.1192332,0.6443226,0.5743887,0.3560431,0.3942119,0.4907862,0.1420521,0.72388,0.1927728,1.0403731,0.7352354,1.3580247,5.4803468,0.0596929999999999,0.636236,0.048855,0.2572257,0.1370869,0.0,0.5685279,0.4555951,0.1017553,0.0124022999999999,0.0175277,0.182504,0.1351123,0.0460557,0.1494186,0.2120823,0.2538071,0.2139036999999999,0.0296437,0.1531245,0.1908397,0.0640114,0.0724521,2.417824,0.0,0.00942,0.050976,0.2565286,0.1818121,0.5064445,0.2154067,0.845477,1.0106952,0.5635259,1.1768892,3.5401151,0.3391534,0.4823797,0.1072271,0.1255632,4.261234099999999,0.1993194,0.0496032,0.0126904,1.7969976,0.7243357,0.7997065,0.7732756000000001,0.2581405,0.2221998,0.0553587,0.0154214,0.1549552,0.0138325,0.0969981999999999,0.1206272999999999,0.5283267,0.2845014,0.4584064,0.0829617,0.0254026,0.350843,0.0444444,0.1891148,0.2339115,0.2736914,0.3787459999999999,0.2620445,0.2592086999999999,0.1113508,0.0560852,0.0,0.0393484,0.0156519,0.1217793,0.0897627,0.00649,0.0416869,0.0225438,0.1260829,0.5769052,2.5336819,1.5399536,0.217987,0.3099507,1.4649646,0.0507328,0.8811631,6.2405515000000005,1.4161461,0.6162514,2.6542237,0.43181,1.0984183,0.5179111000000001,0.4703959,0.9615787,4.639646900000001,0.00263,0.0140405,0.4813612,1.0784901,0.1767113,0.1356552,0.3344356,0.1525588,0.1274774,0.0881358,0.0,0.0,0.0,0.6172462,2.3623542,2.4816576,0.8345055,2.0633934,0.5754088,1.6525398,0.0,0.6128108999999999,1.5928646000000002,1.6428525,0.4932779,2.3224627,0.4213576,2.5746883,1.5962767999999998,0.1349775,0.2715365999999999,0.2654977
genus_unclassified_Lachnospiraceae,6.714273599999999,7.4174271,2.7958508,12.1603363,16.7453535,8.2395027,2.0303275,3.8274799,4.867509200000001,10.0846082,12.7854719,5.018934,6.4497947,7.101616600000001,8.5451927,7.380312999999999,13.2970053,3.1569211,6.0670849,5.2708558000000005,4.7886198,4.7590601,22.7467047,4.0818647,2.7509849,3.1938930999999995,4.2091479000000005,2.6764586,0.9661299,6.3248731000000005,2.8583911,7.107606199999999,0.6118484000000001,0.7449279,5.8218761,7.5325114,3.7963024,7.8931982,5.8611825,4.5380711,10.1435407,6.0354538,3.4440853,4.8690628,7.2297297,3.4938013,17.5142372,3.6231317,4.2941897,2.3937469,4.713481600000001,6.6361402,4.9454306,3.9439943,7.2587297,7.537433200000001,8.5588729,8.0521116,11.9107601,7.5744253,14.1944705,4.1389663,2.0902578000000003,5.7772083,6.1545941,4.0860615000000005,7.0558376,6.6205176,8.711873200000001,6.1738811,8.490566,5.0088311,5.9387941,4.904783,2.3826047,6.3262144000000005,0.9244744,4.1300796,5.4282268,7.611485900000001,8.2008671,7.83785,4.9051125,1.9763247,6.315174,7.911111099999999,1.646411,6.030351400000001,8.8778652,14.5278116,8.538283100000001,6.487039599999999,3.1804579,0.9294127,4.6765612,3.7774455,3.7408045,8.6976029,6.9883527,2.2046657,4.8495797,4.657559,1.6553463000000002,2.6053782,3.3294074,6.748829100000001,2.5535625,4.759034799999999,5.244067,3.3483653,2.0827492,5.9261051,12.8236547,5.3173695,3.4662465000000005,7.740594100000001,4.080947,7.788088,2.4028333,2.7676742,3.0948921,3.5600495000000003,6.0970901,3.955371500000001,9.0690055,6.5011161,5.3251571,5.5538855,9.0240858,4.6517221,2.7435817,2.6743239,2.747713,6.215232100000001,11.064597,10.4068348,8.9794044,13.3173176,13.4555625,15.2378512,13.9520702,4.1628566,13.897835,7.245663400000001,4.6734831,12.665635,10.0396221,5.3196392,3.4896371000000004,6.463398700000001,6.899864999999999,4.2860185,6.6281798
genus_unclassified_Porphyromonadaceae,0.0,0.0045899999999999,0.0,0.1238553,0.2330724,0.0,0.0,0.0,0.0122299,0.1025553,0.0275154,0.0339117,0.6227018,0.2501925,0.6019404,0.4259654,0.2747893,0.0,0.0385546,0.063471,0.0623352,0.0159299,0.0,0.00853,0.0,0.0,0.0,0.0,0.0,0.0,0.0,0.0,0.0,0.0,0.0,0.0422226,0.0197381,0.0065,0.0,0.0101523,0.0225162,0.0237149,0.00243,0.0,0.0,0.0,0.0,0.0,0.0,0.01062,0.0018499999999999,0.0,0.0,0.0,0.0,0.0,0.0,0.0,0.0,0.0,0.0,0.0,0.0,2.8277914,0.0,0.0,0.0,3.4672194000000003,0.906908,1.4269993,21.7857511,0.0,0.1110999,0.5203720000000001,47.7600432,8.3440005,1.7498156,12.4923423,0.2291918,0.0,0.0,0.2202148,0.4822151,0.0,0.0,0.1,0.0,0.0627567,0.1111871,0.0469977,0.4694964,0.0,0.00696,0.3365115,0.6814151,0.1101755,0.1486931,0.9165492,0.354672,0.0924694,0.00695,0.0991928999999999,0.0325375,0.0,0.1953406,0.1253726,0.0747384,0.0731828,0.1883928,0.0169109,1.3017183,0.5926105,0.1044533,0.2817149,0.1272573,0.0959578,0.2377752999999999,0.00863,0.0217944,0.00836,0.00538,0.9940227,0.0,0.0,0.0,0.0,0.0138424,0.0,0.0,0.0,0.0,0.0,0.00335,0.0,5.0357514,4.7816653,3.7168999,1.5330878,1.7837166000000002,4.7756604000000005,2.5855235,0.0,1.7266058000000002,0.1220737,0.159962,0.0967212,0.0304785,0.0987557,0.2120003,0.0130486,0.0,0.00532,0.0
genus_unclassified_Ruminococcaceae,5.7297389,4.8894187,10.242778,2.8148927,2.7789398,2.9644616,4.8804316,2.5800050000000003,2.8781084,2.1493889,3.6411997,2.390776,4.5360603,1.5637028000000002,2.105611,2.5743124,2.5569373,2.0308855,4.4898531,4.8872699,5.3464397,8.0923935,5.0053438,8.0841387,1.968709,3.1328244,1.3609578,1.126071,1.4269850000000002,1.5837563,3.94433,6.268125200000001,0.6118484000000001,0.4075194,5.0492761,1.7564601,1.0987565,1.1238875000000002,0.7455013,3.1370558,6.9462426,2.6027154,0.2381935999999999,2.9818702,0.8534851,0.724521,0.5694875,0.2660615,0.2919296,11.7775748,4.1266033,3.3298542,6.953483100000001,7.687968000000001,10.365686,3.3262032,3.9240016,4.1355338,4.7370216,3.9693506,10.1478405,4.224748,1.905606,7.7514497,2.2508508,1.624504,3.2994924,21.0427818,8.6186025,6.9002201,3.2529127,3.4826321,15.4226846,2.3914969,3.2693346,5.8916661,5.8211914,2.0624872,3.3172497,11.6828846,1.5218569,2.5392117,5.5739915,15.602296399999998,6.0325504,3.3444443999999995,0.2739383,6.9659973,9.9982894,11.790888,3.513034,7.6739427,2.8220475,10.4719173,7.5329039,14.2834658,6.315542300000001,9.5436483,3.6671337,4.5618247,19.5164316,1.0264965,2.9202424,15.3717316,3.6023096,3.5530113,7.2869955,4.7332056,4.9910021,0.9582864,6.3283534,9.1552277,2.9126409,7.1221058,7.5808993,6.085322499999999,9.8495813,15.2762192,14.0228841,7.8598604,10.1028042,4.7568265,9.4597915,2.2165006000000003,2.1123618,1.7919147,5.2988566,3.3067789,3.2360963,6.2512026,7.582520700000001,0.2378605,0.1842978,0.4450288,8.3419911,8.3238405,6.0644809,8.3608604,11.8707272,5.7936915,8.6346728,0.2720373,3.8423689,8.1749985,11.2535397,8.4824451,8.4669308,14.148396899999998,10.0895422,14.7970945,9.4003798,5.6224044,5.1957273
